experiment_id,timestamp,seed,parameter,parameter_value,number_of_users,strategy,total_bandwidth,total_allocated,utilization_percentage,jain_fairness_index,average_utility,latency_ms,jitter_ms,computational_time,data_source
sensitivity_42_5_equal_w_throughput_0.5_42,2026-09-01T11:49:21.156017,42,w_throughput,0.5,5,equal,100.0,43.51,43.51,0.8536,-0.945416,16.95,1.13,8.9e-05,SIMULATION
sensitivity_42_5_equal_w_throughput_0.5_43,2026-09-01T11:49:21.156153,43,w_throughput,0.5,5,equal,100.0,57.93,57.93,0.8118,-2.448095,8.54,4.48,4.5e-05,SIMULATION
sensitivity_42_5_equal_w_throughput_0.5_44,2026-09-01T11:49:21.156269,44,w_throughput,0.5,5,equal,100.0,37.12,37.12,0.6829,-0.491439,13.72,3.71,3.7e-05,SIMULATION
sensitivity_42_5_equal_w_throughput_0.5_45,2026-09-01T11:49:21.156376,45,w_throughput,0.5,5,equal,100.0,48.12,48.12,0.836,-1.585735,11.81,3.44,3.3e-05,SIMULATION
sensitivity_42_5_equal_w_throughput_0.5_46,2026-09-01T11:49:21.156483,46,w_throughput,0.5,5,equal,100.0,49.63,49.63,0.7262,-1.645527,20.44,3.0,3.4e-05,SIMULATION
sensitivity_42_5_proportional_w_throughput_0.5_42,2026-09-01T11:49:21.156590,42,w_throughput,0.5,5,proportional,100.0,43.51,43.51,0.8536,-0.945416,16.95,1.13,3.2e-05,SIMULATION
sensitivity_42_5_proportional_w_throughput_0.5_43,2026-09-01T11:49:21.156746,43,w_throughput,0.5,5,proportional,100.0,57.93,57.93,0.8118,-2.448095,8.54,4.48,5.9e-05,SIMULATION
sensitivity_42_5_proportional_w_throughput_0.5_44,2026-09-01T11:49:21.156949,44,w_throughput,0.5,5,proportional,100.0,37.12,37.12,0.6829,-0.491439,13.72,3.71,7.4e-05,SIMULATION
sensitivity_42_5_proportional_w_throughput_0.5_45,2026-09-01T11:49:21.157125,45,w_throughput,0.5,5,proportional,100.0,48.12,48.12,0.836,-1.585735,11.81,3.44,5.5e-05,SIMULATION
sensitivity_42_5_proportional_w_throughput_0.5_46,2026-09-01T11:49:21.157321,46,w_throughput,0.5,5,proportional,100.0,51.37,51.37,0.7028,-1.816808,20.44,3.0,6.1e-05,SIMULATION
sensitivity_42_5_priority_w_throughput_0.5_42,2026-09-01T11:49:21.157556,42,w_throughput,0.5,5,priority,100.0,100.0,100.0,0.9686,-9.076378,16.95,1.13,7.5e-05,SIMULATION
sensitivity_42_5_priority_w_throughput_0.5_43,2026-09-01T11:49:21.157831,43,w_throughput,0.5,5,priority,100.0,100.0,100.0,0.9278,-9.136969,8.54,4.48,7.4e-05,SIMULATION
sensitivity_42_5_priority_w_throughput_0.5_44,2026-09-01T11:49:21.158035,44,w_throughput,0.5,5,priority,100.0,100.0,100.0,0.9399,-9.13972,13.72,3.71,6.9e-05,SIMULATION
sensitivity_42_5_priority_w_throughput_0.5_45,2026-09-01T11:49:21.158180,45,w_throughput,0.5,5,priority,100.0,100.0,100.0,0.9565,-9.609963,11.81,3.44,4e-05,SIMULATION
sensitivity_42_5_priority_w_throughput_0.5_46,2026-09-01T11:49:21.158294,46,w_throughput,0.5,5,priority,100.0,100.0,100.0,0.9334,-9.319243,20.44,3.0,3.1e-05,SIMULATION
sensitivity_42_5_max_min_fairness_w_throughput_0.5_42,2026-09-01T11:49:21.158422,42,w_throughput,0.5,5,max_min_fairness,100.0,43.51,43.51,0.8536,-0.945416,16.95,1.13,3.2e-05,SIMULATION
sensitivity_42_5_max_min_fairness_w_throughput_0.5_43,2026-09-01T11:49:21.158529,43,w_throughput,0.5,5,max_min_fairness,100.0,57.93,57.93,0.8118,-2.448095,8.54,4.48,3e-05,SIMULATION
sensitivity_42_5_max_min_fairness_w_throughput_0.5_44,2026-09-01T11:49:21.158634,44,w_throughput,0.5,5,max_min_fairness,100.0,37.12,37.12,0.6829,-0.491439,13.72,3.71,3e-05,SIMULATION
sensitivity_42_5_max_min_fairness_w_throughput_0.5_45,2026-09-01T11:49:21.158744,45,w_throughput,0.5,5,max_min_fairness,100.0,48.12,48.12,0.836,-1.585735,11.81,3.44,3e-05,SIMULATION
sensitivity_42_5_max_min_fairness_w_throughput_0.5_46,2026-09-01T11:49:21.158862,46,w_throughput,0.5,5,max_min_fairness,100.0,51.37,51.37,0.7028,-1.816808,20.44,3.0,2.9e-05,SIMULATION
sensitivity_42_5_alpha_fair_w_throughput_0.5_42,2026-09-01T11:49:21.158972,42,w_throughput,0.5,5,alpha_fair,100.0,43.51,43.51,0.8536,-0.945416,16.95,1.13,3e-05,SIMULATION
sensitivity_42_5_alpha_fair_w_throughput_0.5_43,2026-09-01T11:49:21.159076,43,w_throughput,0.5,5,alpha_fair,100.0,57.93,57.93,0.8118,-2.448095,8.54,4.48,3e-05,SIMULATION
sensitivity_42_5_alpha_fair_w_throughput_0.5_44,2026-09-01T11:49:21.159202,44,w_throughput,0.5,5,alpha_fair,100.0,37.12,37.12,0.6829,-0.491439,13.72,3.71,5.7e-05,SIMULATION
sensitivity_42_5_alpha_fair_w_throughput_0.5_45,2026-09-01T11:49:21.159308,45,w_throughput,0.5,5,alpha_fair,100.0,48.12,48.12,0.836,-1.585735,11.81,3.44,3e-05,SIMULATION
sensitivity_42_5_alpha_fair_w_throughput_0.5_46,2026-09-01T11:49:21.159410,46,w_throughput,0.5,5,alpha_fair,100.0,51.37,51.37,0.7028,-1.816808,20.44,3.0,3.4e-05,SIMULATION
sensitivity_42_5_game_theory_w_throughput_0.5_42,2026-09-01T11:49:21.159972,42,w_throughput,0.5,5,game_theory,100.0,28.5,28.5,0.8938,0.067733,16.95,1.13,3.9e-05,SIMULATION
sensitivity_42_5_game_theory_w_throughput_0.5_43,2026-09-01T11:49:21.160461,43,w_throughput,0.5,5,game_theory,100.0,29.5,29.5,0.9603,0.038283,8.54,4.48,3.5e-05,SIMULATION
sensitivity_42_5_game_theory_w_throughput_0.5_44,2026-09-01T11:49:21.160856,44,w_throughput,0.5,5,game_theory,100.0,26.5,26.5,0.8577,0.151886,13.72,3.71,3.3e-05,SIMULATION
sensitivity_42_5_game_theory_w_throughput_0.5_45,2026-09-01T11:49:21.161368,45,w_throughput,0.5,5,game_theory,100.0,29.5,29.5,0.9932,-0.060276,11.81,3.44,3.3e-05,SIMULATION
sensitivity_42_5_game_theory_w_throughput_0.5_46,2026-09-01T11:49:21.161965,46,w_throughput,0.5,5,game_theory,100.0,27.5,27.5,0.8806,0.005175,20.44,3.0,3.6e-05,SIMULATION
sensitivity_42_10_equal_w_throughput_0.5_42,2026-09-01T11:49:21.162093,42,w_throughput,0.5,10,equal,100.0,83.16,83.16,0.9016,-2.424284,16.95,1.13,3.9e-05,SIMULATION
sensitivity_42_10_equal_w_throughput_0.5_43,2026-09-01T11:49:21.162215,43,w_throughput,0.5,10,equal,100.0,88.73,88.73,0.9512,-2.924249,8.54,4.48,3.8e-05,SIMULATION
sensitivity_42_10_equal_w_throughput_0.5_44,2026-09-01T11:49:21.162334,44,w_throughput,0.5,10,equal,100.0,80.28,80.28,0.8952,-2.372567,13.72,3.71,3.7e-05,SIMULATION
sensitivity_42_10_equal_w_throughput_0.5_45,2026-09-01T11:49:21.162460,45,w_throughput,0.5,10,equal,100.0,78.39,78.39,0.9246,-2.217736,11.81,3.44,4.3e-05,SIMULATION
sensitivity_42_10_equal_w_throughput_0.5_46,2026-09-01T11:49:21.162579,46,w_throughput,0.5,10,equal,100.0,81.37,81.37,0.9003,-2.618701,20.44,3.0,3.7e-05,SIMULATION
sensitivity_42_10_proportional_w_throughput_0.5_42,2026-09-01T11:49:21.162724,42,w_throughput,0.5,10,proportional,100.0,100.0,100.0,0.7951,-3.928942,16.95,1.13,3.8e-05,SIMULATION
sensitivity_42_10_proportional_w_throughput_0.5_43,2026-09-01T11:49:21.162845,43,w_throughput,0.5,10,proportional,100.0,100.0,100.0,0.8273,-3.978468,8.54,4.48,3.7e-05,SIMULATION
sensitivity_42_10_proportional_w_throughput_0.5_44,2026-09-01T11:49:21.162966,44,w_throughput,0.5,10,proportional,100.0,100.0,100.0,0.7675,-4.16516,13.72,3.71,3.8e-05,SIMULATION
sensitivity_42_10_proportional_w_throughput_0.5_45,2026-09-01T11:49:21.163086,45,w_throughput,0.5,10,proportional,100.0,94.6,94.6,0.8119,-3.690069,11.81,3.44,3.7e-05,SIMULATION
sensitivity_42_10_proportional_w_throughput_0.5_46,2026-09-01T11:49:21.163212,46,w_throughput,0.5,10,proportional,100.0,100.0,100.0,0.794,-4.340113,20.44,3.0,4.3e-05,SIMULATION
sensitivity_42_10_priority_w_throughput_0.5_42,2026-09-01T11:49:21.163347,42,w_throughput,0.5,10,priority,100.0,100.0,100.0,0.9234,-3.93134,16.95,1.13,3.9e-05,SIMULATION
sensitivity_42_10_priority_w_throughput_0.5_43,2026-09-01T11:49:21.163478,43,w_throughput,0.5,10,priority,100.0,100.0,100.0,0.9052,-4.027404,8.54,4.48,3.8e-05,SIMULATION
sensitivity_42_10_priority_w_throughput_0.5_44,2026-09-01T11:49:21.163609,44,w_throughput,0.5,10,priority,100.0,100.0,100.0,0.9054,-4.176972,13.72,3.71,3.8e-05,SIMULATION
sensitivity_42_10_priority_w_throughput_0.5_45,2026-09-01T11:49:21.163761,45,w_throughput,0.5,10,priority,100.0,100.0,100.0,0.9246,-4.16686,11.81,3.44,3.9e-05,SIMULATION
sensitivity_42_10_priority_w_throughput_0.5_46,2026-09-01T11:49:21.163895,46,w_throughput,0.5,10,priority,100.0,100.0,100.0,0.8868,-4.384999,20.44,3.0,3.9e-05,SIMULATION
sensitivity_42_10_max_min_fairness_w_throughput_0.5_42,2026-09-01T11:49:21.164038,42,w_throughput,0.5,10,max_min_fairness,100.0,100.0,100.0,0.8673,-3.925854,16.95,1.13,4e-05,SIMULATION
sensitivity_42_10_max_min_fairness_w_throughput_0.5_43,2026-09-01T11:49:21.164229,43,w_throughput,0.5,10,max_min_fairness,100.0,100.0,100.0,0.9335,-3.978981,8.54,4.48,4.4e-05,SIMULATION
sensitivity_42_10_max_min_fairness_w_throughput_0.5_44,2026-09-01T11:49:21.164365,44,w_throughput,0.5,10,max_min_fairness,100.0,100.0,100.0,0.8408,-4.17152,13.72,3.71,3.9e-05,SIMULATION
sensitivity_42_10_max_min_fairness_w_throughput_0.5_45,2026-09-01T11:49:21.164498,45,w_throughput,0.5,10,max_min_fairness,100.0,94.6,94.6,0.8119,-3.690069,11.81,3.44,3.9e-05,SIMULATION
sensitivity_42_10_max_min_fairness_w_throughput_0.5_46,2026-09-01T11:49:21.164635,46,w_throughput,0.5,10,max_min_fairness,100.0,100.0,100.0,0.8247,-4.351581,20.44,3.0,3.9e-05,SIMULATION
sensitivity_42_10_alpha_fair_w_throughput_0.5_42,2026-09-01T11:49:21.164769,42,w_throughput,0.5,10,alpha_fair,100.0,100.0,100.0,0.7951,-3.928942,16.95,1.13,4e-05,SIMULATION
sensitivity_42_10_alpha_fair_w_throughput_0.5_43,2026-09-01T11:49:21.164897,43,w_throughput,0.5,10,alpha_fair,100.0,100.0,100.0,0.8273,-3.978468,8.54,4.48,3.9e-05,SIMULATION
sensitivity_42_10_alpha_fair_w_throughput_0.5_44,2026-09-01T11:49:21.165026,44,w_throughput,0.5,10,alpha_fair,100.0,100.0,100.0,0.7675,-4.16516,13.72,3.71,3.9e-05,SIMULATION
sensitivity_42_10_alpha_fair_w_throughput_0.5_45,2026-09-01T11:49:21.165151,45,w_throughput,0.5,10,alpha_fair,100.0,94.6,94.6,0.8119,-3.690069,11.81,3.44,3.9e-05,SIMULATION
sensitivity_42_10_alpha_fair_w_throughput_0.5_46,2026-09-01T11:49:21.165278,46,w_throughput,0.5,10,alpha_fair,100.0,100.0,100.0,0.794,-4.340113,20.44,3.0,3.8e-05,SIMULATION
sensitivity_42_10_game_theory_w_throughput_0.5_42,2026-09-01T11:49:21.166504,42,w_throughput,0.5,10,game_theory,100.0,41.5,41.5,0.9528,-0.027738,16.95,1.13,4.4e-05,SIMULATION
sensitivity_42_10_game_theory_w_throughput_0.5_43,2026-09-01T11:49:21.168124,43,w_throughput,0.5,10,game_theory,100.0,42.5,42.5,0.9724,-0.073903,8.54,4.48,4.4e-05,SIMULATION
sensitivity_42_10_game_theory_w_throughput_0.5_44,2026-09-01T11:49:21.169538,44,w_throughput,0.5,10,game_theory,100.0,43.0,43.0,0.9556,-0.139146,13.72,3.71,4.5e-05,SIMULATION
sensitivity_42_10_game_theory_w_throughput_0.5_45,2026-09-01T11:49:21.170783,45,w_throughput,0.5,10,game_theory,100.0,44.0,44.0,0.9803,-0.177693,11.81,3.44,4.6e-05,SIMULATION
sensitivity_42_10_game_theory_w_throughput_0.5_46,2026-09-01T11:49:21.171887,46,w_throughput,0.5,10,game_theory,100.0,42.0,42.0,0.9383,-0.201577,20.44,3.0,4.4e-05,SIMULATION
sensitivity_42_20_equal_w_throughput_0.5_42,2026-09-01T11:49:21.172073,42,w_throughput,0.5,20,equal,100.0,95.95,95.95,0.9817,-1.432162,16.95,1.13,5.8e-05,SIMULATION
sensitivity_42_20_equal_w_throughput_0.5_43,2026-09-01T11:49:21.172245,43,w_throughput,0.5,20,equal,100.0,97.57,97.57,0.9934,-1.482904,8.54,4.48,5.5e-05,SIMULATION
sensitivity_42_20_equal_w_throughput_0.5_44,2026-09-01T11:49:21.172418,44,w_throughput,0.5,20,equal,100.0,95.37,95.37,0.9848,-1.441908,13.72,3.71,5.5e-05,SIMULATION
sensitivity_42_20_equal_w_throughput_0.5_45,2026-09-01T11:49:21.172593,45,w_throughput,0.5,20,equal,100.0,95.25,95.25,0.9772,-1.443161,11.81,3.44,5.4e-05,SIMULATION
sensitivity_42_20_equal_w_throughput_0.5_46,2026-09-01T11:49:21.172764,46,w_throughput,0.5,20,equal,100.0,97.24,97.24,0.9849,-1.574671,20.44,3.0,5.4e-05,SIMULATION
sensitivity_42_20_proportional_w_throughput_0.5_42,2026-09-01T11:49:21.172945,42,w_throughput,0.5,20,proportional,100.0,100.0,100.0,0.8473,-1.636008,16.95,1.13,5.5e-05,SIMULATION
sensitivity_42_20_proportional_w_throughput_0.5_43,2026-09-01T11:49:21.173114,43,w_throughput,0.5,20,proportional,100.0,100.0,100.0,0.7922,-1.634037,8.54,4.48,5.4e-05,SIMULATION
sensitivity_42_20_proportional_w_throughput_0.5_44,2026-09-01T11:49:21.173284,44,w_throughput,0.5,20,proportional,100.0,100.0,100.0,0.764,-1.697575,13.72,3.71,5.4e-05,SIMULATION
sensitivity_42_20_proportional_w_throughput_0.5_45,2026-09-01T11:49:21.173539,45,w_throughput,0.5,20,proportional,100.0,100.0,100.0,0.7559,-1.703652,11.81,3.44,9.8e-05,SIMULATION
sensitivity_42_20_proportional_w_throughput_0.5_46,2026-09-01T11:49:21.173862,46,w_throughput,0.5,20,proportional,100.0,100.0,100.0,0.8103,-1.722716,20.44,3.0,0.000126,SIMULATION
sensitivity_42_20_priority_w_throughput_0.5_42,2026-09-01T11:49:21.174275,42,w_throughput,0.5,20,priority,100.0,100.0,100.0,0.9337,-1.649508,16.95,1.13,0.000158,SIMULATION
sensitivity_42_20_priority_w_throughput_0.5_43,2026-09-01T11:49:21.174735,43,w_throughput,0.5,20,priority,100.0,100.0,100.0,0.9344,-1.619235,8.54,4.48,0.000146,SIMULATION
sensitivity_42_20_priority_w_throughput_0.5_44,2026-09-01T11:49:21.175103,44,w_throughput,0.5,20,priority,100.0,100.0,100.0,0.9439,-1.687506,13.72,3.71,0.000104,SIMULATION
sensitivity_42_20_priority_w_throughput_0.5_45,2026-09-01T11:49:21.175432,45,w_throughput,0.5,20,priority,100.0,100.0,100.0,0.9366,-1.693834,11.81,3.44,0.000122,SIMULATION
sensitivity_42_20_priority_w_throughput_0.5_46,2026-09-01T11:49:21.175753,46,w_throughput,0.5,20,priority,100.0,100.0,100.0,0.9266,-1.747327,20.44,3.0,0.000107,SIMULATION
sensitivity_42_20_max_min_fairness_w_throughput_0.5_42,2026-09-01T11:49:21.176107,42,w_throughput,0.5,20,max_min_fairness,100.0,100.0,100.0,0.9798,-1.619135,16.95,1.13,9.9e-05,SIMULATION
sensitivity_42_20_max_min_fairness_w_throughput_0.5_43,2026-09-01T11:49:21.176429,43,w_throughput,0.5,20,max_min_fairness,100.0,100.0,100.0,0.9924,-1.595294,8.54,4.48,0.000108,SIMULATION
sensitivity_42_20_max_min_fairness_w_throughput_0.5_44,2026-09-01T11:49:21.176754,44,w_throughput,0.5,20,max_min_fairness,100.0,100.0,100.0,0.9817,-1.657857,13.72,3.71,0.000112,SIMULATION
sensitivity_42_20_max_min_fairness_w_throughput_0.5_45,2026-09-01T11:49:21.177009,45,w_throughput,0.5,20,max_min_fairness,100.0,100.0,100.0,0.9748,-1.66442,11.81,3.44,6.3e-05,SIMULATION
sensitivity_42_20_max_min_fairness_w_throughput_0.5_46,2026-09-01T11:49:21.177194,46,w_throughput,0.5,20,max_min_fairness,100.0,100.0,100.0,0.9842,-1.705039,20.44,3.0,5.5e-05,SIMULATION
sensitivity_42_20_alpha_fair_w_throughput_0.5_42,2026-09-01T11:49:21.177370,42,w_throughput,0.5,20,alpha_fair,100.0,100.0,100.0,0.8473,-1.636008,16.95,1.13,5.4e-05,SIMULATION
sensitivity_42_20_alpha_fair_w_throughput_0.5_43,2026-09-01T11:49:21.177545,43,w_throughput,0.5,20,alpha_fair,100.0,100.0,100.0,0.7922,-1.634037,8.54,4.48,5.4e-05,SIMULATION
sensitivity_42_20_alpha_fair_w_throughput_0.5_44,2026-09-01T11:49:21.177728,44,w_throughput,0.5,20,alpha_fair,100.0,100.0,100.0,0.764,-1.697575,13.72,3.71,5.4e-05,SIMULATION
sensitivity_42_20_alpha_fair_w_throughput_0.5_45,2026-09-01T11:49:21.177898,45,w_throughput,0.5,20,alpha_fair,100.0,100.0,100.0,0.7559,-1.703652,11.81,3.44,5.3e-05,SIMULATION
sensitivity_42_20_alpha_fair_w_throughput_0.5_46,2026-09-01T11:49:21.178068,46,w_throughput,0.5,20,alpha_fair,100.0,100.0,100.0,0.8103,-1.722716,20.44,3.0,5.3e-05,SIMULATION
sensitivity_42_20_game_theory_w_throughput_0.5_42,2026-09-01T11:49:21.180871,42,w_throughput,0.5,20,game_theory,100.0,59.5,59.5,0.9581,-0.169336,16.95,1.13,6.2e-05,SIMULATION
sensitivity_42_20_game_theory_w_throughput_0.5_43,2026-09-01T11:49:21.183341,43,w_throughput,0.5,20,game_theory,100.0,59.5,59.5,0.9555,-0.157104,8.54,4.48,6e-05,SIMULATION
sensitivity_42_20_game_theory_w_throughput_0.5_44,2026-09-01T11:49:21.185606,44,w_throughput,0.5,20,game_theory,100.0,59.5,59.5,0.9555,-0.186956,13.72,3.71,5.8e-05,SIMULATION
sensitivity_42_20_game_theory_w_throughput_0.5_45,2026-09-01T11:49:21.188283,45,w_throughput,0.5,20,game_theory,100.0,59.5,59.5,0.9713,-0.186735,11.81,3.44,5.9e-05,SIMULATION
sensitivity_42_20_game_theory_w_throughput_0.5_46,2026-09-01T11:49:21.192723,46,w_throughput,0.5,20,game_theory,100.0,59.5,59.5,0.9607,-0.226627,20.44,3.0,0.000161,SIMULATION
sensitivity_42_30_equal_w_throughput_0.5_42,2026-09-01T11:49:21.193000,42,w_throughput,0.5,30,equal,100.0,97.9033,97.9033,0.9936,-0.862639,16.95,1.13,8.2e-05,SIMULATION
sensitivity_42_30_equal_w_throughput_0.5_43,2026-09-01T11:49:21.193218,43,w_throughput,0.5,30,equal,100.0,99.3633,99.3633,0.999,-0.889955,8.54,4.48,6.7e-05,SIMULATION
sensitivity_42_30_equal_w_throughput_0.5_44,2026-09-01T11:49:21.193414,44,w_throughput,0.5,30,equal,100.0,99.4667,99.4667,0.9992,-0.912273,13.72,3.71,6.4e-05,SIMULATION
sensitivity_42_30_equal_w_throughput_0.5_45,2026-09-01T11:49:21.193612,45,w_throughput,0.5,30,equal,100.0,98.5833,98.5833,0.9958,-0.886227,11.81,3.44,6.3e-05,SIMULATION
sensitivity_42_30_equal_w_throughput_0.5_46,2026-09-01T11:49:21.193812,46,w_throughput,0.5,30,equal,100.0,98.9067,98.9067,0.9965,-0.951143,20.44,3.0,6e-05,SIMULATION
sensitivity_42_30_proportional_w_throughput_0.5_42,2026-09-01T11:49:21.194007,42,w_throughput,0.5,30,proportional,100.0,100.0,100.0,0.8041,-0.951241,16.95,1.13,6.2e-05,SIMULATION
sensitivity_42_30_proportional_w_throughput_0.5_43,2026-09-01T11:49:21.194194,43,w_throughput,0.5,30,proportional,100.0,100.0,100.0,0.8005,-0.936516,8.54,4.48,6.1e-05,SIMULATION
sensitivity_42_30_proportional_w_throughput_0.5_44,2026-09-01T11:49:21.194381,44,w_throughput,0.5,30,proportional,100.0,100.0,100.0,0.7492,-0.968396,13.72,3.71,6e-05,SIMULATION
sensitivity_42_30_proportional_w_throughput_0.5_45,2026-09-01T11:49:21.194566,45,w_throughput,0.5,30,proportional,100.0,100.0,100.0,0.7845,-0.9663,11.81,3.44,6e-05,SIMULATION
sensitivity_42_30_proportional_w_throughput_0.5_46,2026-09-01T11:49:21.194770,46,w_throughput,0.5,30,proportional,100.0,100.0,100.0,0.834,-1.000497,20.44,3.0,6.2e-05,SIMULATION
sensitivity_42_30_priority_w_throughput_0.5_42,2026-09-01T11:49:21.194987,42,w_throughput,0.5,30,priority,100.0,100.0,100.0,0.9351,-0.948013,16.95,1.13,6.3e-05,SIMULATION
sensitivity_42_30_priority_w_throughput_0.5_43,2026-09-01T11:49:21.195202,43,w_throughput,0.5,30,priority,100.0,100.0,100.0,0.9312,-0.926103,8.54,4.48,6.3e-05,SIMULATION
sensitivity_42_30_priority_w_throughput_0.5_44,2026-09-01T11:49:21.195416,44,w_throughput,0.5,30,priority,100.0,100.0,100.0,0.9408,-0.951981,13.72,3.71,6.3e-05,SIMULATION
sensitivity_42_30_priority_w_throughput_0.5_45,2026-09-01T11:49:21.195647,45,w_throughput,0.5,30,priority,100.0,100.0,100.0,0.9403,-0.952995,11.81,3.44,7.8e-05,SIMULATION
sensitivity_42_30_priority_w_throughput_0.5_46,2026-09-01T11:49:21.195864,46,w_throughput,0.5,30,priority,100.0,100.0,100.0,0.9376,-1.018042,20.44,3.0,6.5e-05,SIMULATION
sensitivity_42_30_max_min_fairness_w_throughput_0.5_42,2026-09-01T11:49:21.196080,42,w_throughput,0.5,30,max_min_fairness,100.0,100.0,100.0,0.9929,-0.925312,16.95,1.13,6.5e-05,SIMULATION
sensitivity_42_30_max_min_fairness_w_throughput_0.5_43,2026-09-01T11:49:21.196293,43,w_throughput,0.5,30,max_min_fairness,100.0,100.0,100.0,0.9989,-0.908961,8.54,4.48,6.4e-05,SIMULATION
sensitivity_42_30_max_min_fairness_w_throughput_0.5_44,2026-09-01T11:49:21.196504,44,w_throughput,0.5,30,max_min_fairness,100.0,100.0,100.0,0.9991,-0.928413,13.72,3.71,6.3e-05,SIMULATION
sensitivity_42_30_max_min_fairness_w_throughput_0.5_45,2026-09-01T11:49:21.196733,45,w_throughput,0.5,30,max_min_fairness,100.0,100.0,100.0,0.9956,-0.928885,11.81,3.44,6.5e-05,SIMULATION
sensitivity_42_30_max_min_fairness_w_throughput_0.5_46,2026-09-01T11:49:21.196957,46,w_throughput,0.5,30,max_min_fairness,100.0,100.0,100.0,0.9963,-0.984678,20.44,3.0,6.6e-05,SIMULATION
sensitivity_42_30_alpha_fair_w_throughput_0.5_42,2026-09-01T11:49:21.197166,42,w_throughput,0.5,30,alpha_fair,100.0,100.0,100.0,0.8041,-0.951241,16.95,1.13,6.6e-05,SIMULATION
sensitivity_42_30_alpha_fair_w_throughput_0.5_43,2026-09-01T11:49:21.197371,43,w_throughput,0.5,30,alpha_fair,100.0,100.0,100.0,0.8005,-0.936516,8.54,4.48,6.6e-05,SIMULATION
sensitivity_42_30_alpha_fair_w_throughput_0.5_44,2026-09-01T11:49:21.197581,44,w_throughput,0.5,30,alpha_fair,100.0,100.0,100.0,0.7492,-0.968396,13.72,3.71,6.6e-05,SIMULATION
sensitivity_42_30_alpha_fair_w_throughput_0.5_45,2026-09-01T11:49:21.197811,45,w_throughput,0.5,30,alpha_fair,100.0,100.0,100.0,0.7845,-0.9663,11.81,3.44,6.8e-05,SIMULATION
sensitivity_42_30_alpha_fair_w_throughput_0.5_46,2026-09-01T11:49:21.198022,46,w_throughput,0.5,30,alpha_fair,100.0,100.0,100.0,0.834,-1.000497,20.44,3.0,6.7e-05,SIMULATION
sensitivity_42_30_game_theory_w_throughput_0.5_42,2026-09-01T11:49:21.202265,42,w_throughput,0.5,30,game_theory,100.0,71.0,71.0,0.9547,-0.210404,16.95,1.13,7.4e-05,SIMULATION
sensitivity_42_30_game_theory_w_throughput_0.5_43,2026-09-01T11:49:21.207355,43,w_throughput,0.5,30,game_theory,100.0,71.0,71.0,0.9575,-0.1993,8.54,4.48,0.000198,SIMULATION
sensitivity_42_30_game_theory_w_throughput_0.5_44,2026-09-01T11:49:21.212419,44,w_throughput,0.5,30,game_theory,100.0,72.0,72.0,0.9417,-0.231384,13.72,3.71,0.00011,SIMULATION
sensitivity_42_30_game_theory_w_throughput_0.5_45,2026-09-01T11:49:21.216872,45,w_throughput,0.5,30,game_theory,100.0,71.5,71.5,0.9507,-0.220923,11.81,3.44,8.8e-05,SIMULATION
sensitivity_42_30_game_theory_w_throughput_0.5_46,2026-09-01T11:49:21.222979,46,w_throughput,0.5,30,game_theory,100.0,71.0,71.0,0.9547,-0.256884,20.44,3.0,8.4e-05,SIMULATION
sensitivity_42_50_equal_w_throughput_0.5_42,2026-09-01T11:49:21.223305,42,w_throughput,0.5,50,equal,100.0,100.0,100.0,1.0,-0.40927,16.95,1.13,0.000115,SIMULATION
sensitivity_42_50_equal_w_throughput_0.5_43,2026-09-01T11:49:21.223794,43,w_throughput,0.5,50,equal,100.0,100.0,100.0,1.0,-0.421039,8.54,4.48,0.000163,SIMULATION
sensitivity_42_50_equal_w_throughput_0.5_44,2026-09-01T11:49:21.224177,44,w_throughput,0.5,50,equal,100.0,100.0,100.0,1.0,-0.424417,13.72,3.71,0.000131,SIMULATION
sensitivity_42_50_equal_w_throughput_0.5_45,2026-09-01T11:49:21.224492,45,w_throughput,0.5,50,equal,100.0,100.0,100.0,1.0,-0.417469,11.81,3.44,0.000103,SIMULATION
sensitivity_42_50_equal_w_throughput_0.5_46,2026-09-01T11:49:21.224797,46,w_throughput,0.5,50,equal,100.0,100.0,100.0,1.0,-0.449498,20.44,3.0,9.6e-05,SIMULATION
sensitivity_42_50_proportional_w_throughput_0.5_42,2026-09-01T11:49:21.225114,42,w_throughput,0.5,50,proportional,100.0,100.0,100.0,0.821,-0.428143,16.95,1.13,9.9e-05,SIMULATION
sensitivity_42_50_proportional_w_throughput_0.5_43,2026-09-01T11:49:21.225409,43,w_throughput,0.5,50,proportional,100.0,100.0,100.0,0.7826,-0.442666,8.54,4.48,9.5e-05,SIMULATION
sensitivity_42_50_proportional_w_throughput_0.5_44,2026-09-01T11:49:21.225710,44,w_throughput,0.5,50,proportional,100.0,100.0,100.0,0.7759,-0.45085,13.72,3.71,0.000109,SIMULATION
sensitivity_42_50_proportional_w_throughput_0.5_45,2026-09-01T11:49:21.225997,45,w_throughput,0.5,50,proportional,100.0,100.0,100.0,0.7633,-0.448108,11.81,3.44,9.5e-05,SIMULATION
sensitivity_42_50_proportional_w_throughput_0.5_46,2026-09-01T11:49:21.226274,46,w_throughput,0.5,50,proportional,100.0,100.0,100.0,0.8102,-0.468124,20.44,3.0,8.9e-05,SIMULATION
sensitivity_42_50_priority_w_throughput_0.5_42,2026-09-01T11:49:21.226579,42,w_throughput,0.5,50,priority,100.0,100.0,100.0,0.9409,-0.420042,16.95,1.13,9e-05,SIMULATION
sensitivity_42_50_priority_w_throughput_0.5_43,2026-09-01T11:49:21.226902,43,w_throughput,0.5,50,priority,100.0,100.0,100.0,0.9282,-0.43011,8.54,4.48,9.2e-05,SIMULATION
sensitivity_42_50_priority_w_throughput_0.5_44,2026-09-01T11:49:21.227214,44,w_throughput,0.5,50,priority,100.0,100.0,100.0,0.9362,-0.43691,13.72,3.71,9.3e-05,SIMULATION
sensitivity_42_50_priority_w_throughput_0.5_45,2026-09-01T11:49:21.227546,45,w_throughput,0.5,50,priority,100.0,100.0,100.0,0.9369,-0.430724,11.81,3.44,9.4e-05,SIMULATION
sensitivity_42_50_priority_w_throughput_0.5_46,2026-09-01T11:49:21.227879,46,w_throughput,0.5,50,priority,100.0,100.0,100.0,0.9385,-0.465392,20.44,3.0,9.6e-05,SIMULATION
sensitivity_42_50_max_min_fairness_w_throughput_0.5_42,2026-09-01T11:49:21.228180,42,w_throughput,0.5,50,max_min_fairness,100.0,100.0,100.0,1.0,-0.40927,16.95,1.13,9.5e-05,SIMULATION
sensitivity_42_50_max_min_fairness_w_throughput_0.5_43,2026-09-01T11:49:21.228478,43,w_throughput,0.5,50,max_min_fairness,100.0,100.0,100.0,1.0,-0.421039,8.54,4.48,9.4e-05,SIMULATION
sensitivity_42_50_max_min_fairness_w_throughput_0.5_44,2026-09-01T11:49:21.228792,44,w_throughput,0.5,50,max_min_fairness,100.0,100.0,100.0,1.0,-0.424417,13.72,3.71,9.7e-05,SIMULATION
sensitivity_42_50_max_min_fairness_w_throughput_0.5_45,2026-09-01T11:49:21.229096,45,w_throughput,0.5,50,max_min_fairness,100.0,100.0,100.0,1.0,-0.417469,11.81,3.44,9.7e-05,SIMULATION
sensitivity_42_50_max_min_fairness_w_throughput_0.5_46,2026-09-01T11:49:21.229404,46,w_throughput,0.5,50,max_min_fairness,100.0,100.0,100.0,1.0,-0.449498,20.44,3.0,9.7e-05,SIMULATION
sensitivity_42_50_alpha_fair_w_throughput_0.5_42,2026-09-01T11:49:21.229707,42,w_throughput,0.5,50,alpha_fair,100.0,100.0,100.0,0.821,-0.428143,16.95,1.13,9.8e-05,SIMULATION
sensitivity_42_50_alpha_fair_w_throughput_0.5_43,2026-09-01T11:49:21.230007,43,w_throughput,0.5,50,alpha_fair,100.0,100.0,100.0,0.7826,-0.442666,8.54,4.48,9.8e-05,SIMULATION
sensitivity_42_50_alpha_fair_w_throughput_0.5_44,2026-09-01T11:49:21.230304,44,w_throughput,0.5,50,alpha_fair,100.0,100.0,100.0,0.7759,-0.45085,13.72,3.71,9.7e-05,SIMULATION
sensitivity_42_50_alpha_fair_w_throughput_0.5_45,2026-09-01T11:49:21.230601,45,w_throughput,0.5,50,alpha_fair,100.0,100.0,100.0,0.7633,-0.448108,11.81,3.44,9.7e-05,SIMULATION
sensitivity_42_50_alpha_fair_w_throughput_0.5_46,2026-09-01T11:49:21.230902,46,w_throughput,0.5,50,alpha_fair,100.0,100.0,100.0,0.8102,-0.468124,20.44,3.0,9.8e-05,SIMULATION
sensitivity_42_50_game_theory_w_throughput_0.5_42,2026-09-01T11:49:21.239592,42,w_throughput,0.5,50,game_theory,100.0,89.0,89.0,0.9264,-0.244073,16.95,1.13,0.0001,SIMULATION
sensitivity_42_50_game_theory_w_throughput_0.5_43,2026-09-01T11:49:21.247153,43,w_throughput,0.5,50,game_theory,100.0,88.0,88.0,0.956,-0.237604,8.54,4.48,0.000137,SIMULATION
sensitivity_42_50_game_theory_w_throughput_0.5_44,2026-09-01T11:49:21.255412,44,w_throughput,0.5,50,game_theory,100.0,88.0,88.0,0.9192,-0.244601,13.72,3.71,9.7e-05,SIMULATION
sensitivity_42_50_game_theory_w_throughput_0.5_45,2026-09-01T11:49:21.262922,45,w_throughput,0.5,50,game_theory,100.0,88.0,88.0,0.9387,-0.237291,11.81,3.44,0.000129,SIMULATION
sensitivity_42_50_game_theory_w_throughput_0.5_46,2026-09-01T11:49:21.271301,46,w_throughput,0.5,50,game_theory,100.0,89.5,89.5,0.9168,-0.292197,20.44,3.0,0.000112,SIMULATION
sensitivity_42_100_equal_w_throughput_0.5_42,2026-09-01T11:49:21.271784,42,w_throughput,0.5,100,equal,100.0,100.0,100.0,1.0,-0.114229,16.95,1.13,0.000161,SIMULATION
sensitivity_42_100_equal_w_throughput_0.5_43,2026-09-01T11:49:21.272231,43,w_throughput,0.5,100,equal,100.0,100.0,100.0,1.0,-0.114406,8.54,4.48,0.000151,SIMULATION
sensitivity_42_100_equal_w_throughput_0.5_44,2026-09-01T11:49:21.272687,44,w_throughput,0.5,100,equal,100.0,100.0,100.0,1.0,-0.116996,13.72,3.71,0.000162,SIMULATION
sensitivity_42_100_equal_w_throughput_0.5_45,2026-09-01T11:49:21.273116,45,w_throughput,0.5,100,equal,100.0,100.0,100.0,1.0,-0.110408,11.81,3.44,0.000146,SIMULATION
sensitivity_42_100_equal_w_throughput_0.5_46,2026-09-01T11:49:21.273755,46,w_throughput,0.5,100,equal,100.0,100.0,100.0,1.0,-0.13743,20.44,3.0,0.000275,SIMULATION
sensitivity_42_100_proportional_w_throughput_0.5_42,2026-09-01T11:49:21.274584,42,w_throughput,0.5,100,proportional,100.0,100.0,100.0,0.7987,-0.126581,16.95,1.13,0.00025,SIMULATION
sensitivity_42_100_proportional_w_throughput_0.5_43,2026-09-01T11:49:21.275135,43,w_throughput,0.5,100,proportional,100.0,100.0,100.0,0.7804,-0.126391,8.54,4.48,0.000183,SIMULATION
sensitivity_42_100_proportional_w_throughput_0.5_44,2026-09-01T11:49:21.275664,44,w_throughput,0.5,100,proportional,100.0,100.0,100.0,0.774,-0.131634,13.72,3.71,0.000196,SIMULATION
sensitivity_42_100_proportional_w_throughput_0.5_45,2026-09-01T11:49:21.276112,45,w_throughput,0.5,100,proportional,100.0,100.0,100.0,0.8017,-0.123757,11.81,3.44,0.000148,SIMULATION
sensitivity_42_100_proportional_w_throughput_0.5_46,2026-09-01T11:49:21.276546,46,w_throughput,0.5,100,proportional,100.0,100.0,100.0,0.7808,-0.148487,20.44,3.0,0.000147,SIMULATION
sensitivity_42_100_priority_w_throughput_0.5_42,2026-09-01T11:49:21.277067,42,w_throughput,0.5,100,priority,100.0,100.0,100.0,0.9405,-0.116531,16.95,1.13,0.000158,SIMULATION
sensitivity_42_100_priority_w_throughput_0.5_43,2026-09-01T11:49:21.277581,43,w_throughput,0.5,100,priority,100.0,100.0,100.0,0.9364,-0.115494,8.54,4.48,0.000155,SIMULATION
sensitivity_42_100_priority_w_throughput_0.5_44,2026-09-01T11:49:21.278106,44,w_throughput,0.5,100,priority,100.0,100.0,100.0,0.9417,-0.120102,13.72,3.71,0.000155,SIMULATION
sensitivity_42_100_priority_w_throughput_0.5_45,2026-09-01T11:49:21.278627,45,w_throughput,0.5,100,priority,100.0,100.0,100.0,0.9458,-0.11395,11.81,3.44,0.000156,SIMULATION
sensitivity_42_100_priority_w_throughput_0.5_46,2026-09-01T11:49:21.279167,46,w_throughput,0.5,100,priority,100.0,100.0,100.0,0.9349,-0.142982,20.44,3.0,0.000159,SIMULATION
sensitivity_42_100_max_min_fairness_w_throughput_0.5_42,2026-09-01T11:49:21.279660,42,w_throughput,0.5,100,max_min_fairness,100.0,100.0,100.0,1.0,-0.114229,16.95,1.13,0.000155,SIMULATION
sensitivity_42_100_max_min_fairness_w_throughput_0.5_43,2026-09-01T11:49:21.280179,43,w_throughput,0.5,100,max_min_fairness,100.0,100.0,100.0,1.0,-0.114406,8.54,4.48,0.000162,SIMULATION
sensitivity_42_100_max_min_fairness_w_throughput_0.5_44,2026-09-01T11:49:21.280668,44,w_throughput,0.5,100,max_min_fairness,100.0,100.0,100.0,1.0,-0.116996,13.72,3.71,0.000154,SIMULATION
sensitivity_42_100_max_min_fairness_w_throughput_0.5_45,2026-09-01T11:49:21.281151,45,w_throughput,0.5,100,max_min_fairness,100.0,100.0,100.0,1.0,-0.110408,11.81,3.44,0.000153,SIMULATION
sensitivity_42_100_max_min_fairness_w_throughput_0.5_46,2026-09-01T11:49:21.281638,46,w_throughput,0.5,100,max_min_fairness,100.0,100.0,100.0,1.0,-0.13743,20.44,3.0,0.000158,SIMULATION
sensitivity_42_100_alpha_fair_w_throughput_0.5_42,2026-09-01T11:49:21.282143,42,w_throughput,0.5,100,alpha_fair,100.0,100.0,100.0,0.7987,-0.126581,16.95,1.13,0.000162,SIMULATION
sensitivity_42_100_alpha_fair_w_throughput_0.5_43,2026-09-01T11:49:21.282640,43,w_throughput,0.5,100,alpha_fair,100.0,100.0,100.0,0.7804,-0.126391,8.54,4.48,0.000173,SIMULATION
sensitivity_42_100_alpha_fair_w_throughput_0.5_44,2026-09-01T11:49:21.283105,44,w_throughput,0.5,100,alpha_fair,100.0,100.0,100.0,0.774,-0.131634,13.72,3.71,0.000155,SIMULATION
sensitivity_42_100_alpha_fair_w_throughput_0.5_45,2026-09-01T11:49:21.283574,45,w_throughput,0.5,100,alpha_fair,100.0,100.0,100.0,0.8017,-0.123757,11.81,3.44,0.000158,SIMULATION
sensitivity_42_100_alpha_fair_w_throughput_0.5_46,2026-09-01T11:49:21.284041,46,w_throughput,0.5,100,alpha_fair,100.0,100.0,100.0,0.7808,-0.148487,20.44,3.0,0.000155,SIMULATION
sensitivity_42_100_game_theory_w_throughput_0.5_42,2026-09-01T11:49:21.298051,42,w_throughput,0.5,100,game_theory,100.0,100.0,100.0,0.6231,-0.166071,16.95,1.13,0.000171,SIMULATION
sensitivity_42_100_game_theory_w_throughput_0.5_43,2026-09-01T11:49:21.311778,43,w_throughput,0.5,100,game_theory,100.0,100.0,100.0,0.6494,-0.159834,8.54,4.48,0.00018,SIMULATION
sensitivity_42_100_game_theory_w_throughput_0.5_44,2026-09-01T11:49:21.325150,44,w_throughput,0.5,100,game_theory,100.0,100.0,100.0,0.6079,-0.170923,13.72,3.71,0.000203,SIMULATION
sensitivity_42_100_game_theory_w_throughput_0.5_45,2026-09-01T11:49:21.342397,45,w_throughput,0.5,100,game_theory,100.0,100.0,100.0,0.625,-0.162382,11.81,3.44,0.000198,SIMULATION
sensitivity_42_100_game_theory_w_throughput_0.5_46,2026-09-01T11:49:21.358097,46,w_throughput,0.5,100,game_theory,100.0,100.0,100.0,0.641,-0.188077,20.44,3.0,0.000257,SIMULATION
sensitivity_42_200_equal_w_throughput_0.5_42,2026-09-01T11:49:21.359286,42,w_throughput,0.5,200,equal,100.0,100.0,100.0,1.0,-0.020739,16.95,1.13,0.000394,SIMULATION
sensitivity_42_200_equal_w_throughput_0.5_43,2026-09-01T11:49:21.360220,43,w_throughput,0.5,200,equal,100.0,100.0,100.0,1.0,-0.021312,8.54,4.48,0.000302,SIMULATION
sensitivity_42_200_equal_w_throughput_0.5_44,2026-09-01T11:49:21.361112,44,w_throughput,0.5,200,equal,100.0,100.0,100.0,1.0,-0.021502,13.72,3.71,0.000304,SIMULATION
sensitivity_42_200_equal_w_throughput_0.5_45,2026-09-01T11:49:21.362013,45,w_throughput,0.5,200,equal,100.0,100.0,100.0,1.0,-0.01489,11.81,3.44,0.000312,SIMULATION
sensitivity_42_200_equal_w_throughput_0.5_46,2026-09-01T11:49:21.362935,46,w_throughput,0.5,200,equal,100.0,100.0,100.0,1.0,-0.029034,20.44,3.0,0.000319,SIMULATION
sensitivity_42_200_proportional_w_throughput_0.5_42,2026-09-01T11:49:21.363879,42,w_throughput,0.5,200,proportional,100.0,100.0,100.0,0.7909,-0.025346,16.95,1.13,0.00032,SIMULATION
sensitivity_42_200_proportional_w_throughput_0.5_43,2026-09-01T11:49:21.364832,43,w_throughput,0.5,200,proportional,100.0,100.0,100.0,0.7785,-0.025547,8.54,4.48,0.000321,SIMULATION
sensitivity_42_200_proportional_w_throughput_0.5_44,2026-09-01T11:49:21.365772,44,w_throughput,0.5,200,proportional,100.0,100.0,100.0,0.8003,-0.026682,13.72,3.71,0.000318,SIMULATION
sensitivity_42_200_proportional_w_throughput_0.5_45,2026-09-01T11:49:21.366723,45,w_throughput,0.5,200,proportional,100.0,100.0,100.0,0.8309,-0.019318,11.81,3.44,0.000328,SIMULATION
sensitivity_42_200_proportional_w_throughput_0.5_46,2026-09-01T11:49:21.367662,46,w_throughput,0.5,200,proportional,100.0,100.0,100.0,0.791,-0.033021,20.44,3.0,0.00032,SIMULATION
sensitivity_42_200_priority_w_throughput_0.5_42,2026-09-01T11:49:21.368726,42,w_throughput,0.5,200,priority,100.0,100.0,100.0,0.9391,-0.019975,16.95,1.13,0.000326,SIMULATION
sensitivity_42_200_priority_w_throughput_0.5_43,2026-09-01T11:49:21.369825,43,w_throughput,0.5,200,priority,100.0,100.0,100.0,0.9357,-0.019935,8.54,4.48,0.00035,SIMULATION
sensitivity_42_200_priority_w_throughput_0.5_44,2026-09-01T11:49:21.370901,44,w_throughput,0.5,200,priority,100.0,100.0,100.0,0.9427,-0.021577,13.72,3.71,0.000323,SIMULATION
sensitivity_42_200_priority_w_throughput_0.5_45,2026-09-01T11:49:21.371991,45,w_throughput,0.5,200,priority,100.0,100.0,100.0,0.9509,-0.01529,11.81,3.44,0.000323,SIMULATION
sensitivity_42_200_priority_w_throughput_0.5_46,2026-09-01T11:49:21.373072,46,w_throughput,0.5,200,priority,100.0,100.0,100.0,0.9413,-0.029945,20.44,3.0,0.000324,SIMULATION
sensitivity_42_200_max_min_fairness_w_throughput_0.5_42,2026-09-01T11:49:21.374729,42,w_throughput,0.5,200,max_min_fairness,100.0,100.0,100.0,1.0,-0.020739,16.95,1.13,0.000625,SIMULATION
sensitivity_42_200_max_min_fairness_w_throughput_0.5_43,2026-09-01T11:49:21.375832,43,w_throughput,0.5,200,max_min_fairness,100.0,100.0,100.0,1.0,-0.021312,8.54,4.48,0.000373,SIMULATION
sensitivity_42_200_max_min_fairness_w_throughput_0.5_44,2026-09-01T11:49:21.376835,44,w_throughput,0.5,200,max_min_fairness,100.0,100.0,100.0,1.0,-0.021502,13.72,3.71,0.000323,SIMULATION
sensitivity_42_200_max_min_fairness_w_throughput_0.5_45,2026-09-01T11:49:21.377752,45,w_throughput,0.5,200,max_min_fairness,100.0,100.0,100.0,1.0,-0.01489,11.81,3.44,0.000304,SIMULATION
sensitivity_42_200_max_min_fairness_w_throughput_0.5_46,2026-09-01T11:49:21.378687,46,w_throughput,0.5,200,max_min_fairness,100.0,100.0,100.0,1.0,-0.029034,20.44,3.0,0.000315,SIMULATION
sensitivity_42_200_alpha_fair_w_throughput_0.5_42,2026-09-01T11:49:21.379609,42,w_throughput,0.5,200,alpha_fair,100.0,100.0,100.0,0.7909,-0.025346,16.95,1.13,0.000303,SIMULATION
sensitivity_42_200_alpha_fair_w_throughput_0.5_43,2026-09-01T11:49:21.380538,43,w_throughput,0.5,200,alpha_fair,100.0,100.0,100.0,0.7785,-0.025547,8.54,4.48,0.000314,SIMULATION
sensitivity_42_200_alpha_fair_w_throughput_0.5_44,2026-09-01T11:49:21.381505,44,w_throughput,0.5,200,alpha_fair,100.0,100.0,100.0,0.8003,-0.026682,13.72,3.71,0.000321,SIMULATION
sensitivity_42_200_alpha_fair_w_throughput_0.5_45,2026-09-01T11:49:21.382473,45,w_throughput,0.5,200,alpha_fair,100.0,100.0,100.0,0.8309,-0.019318,11.81,3.44,0.000332,SIMULATION
sensitivity_42_200_alpha_fair_w_throughput_0.5_46,2026-09-01T11:49:21.383421,46,w_throughput,0.5,200,alpha_fair,100.0,100.0,100.0,0.791,-0.033021,20.44,3.0,0.000312,SIMULATION
sensitivity_42_200_game_theory_w_throughput_0.5_42,2026-09-01T11:49:21.423134,42,w_throughput,0.5,200,game_theory,100.0,100.0,100.0,0.3115,-0.083036,16.95,1.13,0.00025,SIMULATION
sensitivity_42_200_game_theory_w_throughput_0.5_43,2026-09-01T11:49:21.464454,43,w_throughput,0.5,200,game_theory,100.0,100.0,100.0,0.3247,-0.079917,8.54,4.48,0.000232,SIMULATION
sensitivity_42_200_game_theory_w_throughput_0.5_44,2026-09-01T11:49:21.507816,44,w_throughput,0.5,200,game_theory,100.0,100.0,100.0,0.304,-0.085461,13.72,3.71,0.000292,SIMULATION
sensitivity_42_200_game_theory_w_throughput_0.5_45,2026-09-01T11:49:21.553693,45,w_throughput,0.5,200,game_theory,100.0,100.0,100.0,0.3125,-0.081191,11.81,3.44,0.000245,SIMULATION
sensitivity_42_200_game_theory_w_throughput_0.5_46,2026-09-01T11:49:21.596894,46,w_throughput,0.5,200,game_theory,100.0,100.0,100.0,0.3205,-0.094038,20.44,3.0,0.00023,SIMULATION
sensitivity_42_373_equal_w_throughput_0.5_42,2026-09-01T11:49:21.598411,42,w_throughput,0.5,373,equal,100.0,100.0,100.0,1.0,0.002012,16.95,1.13,0.000527,SIMULATION
sensitivity_42_373_equal_w_throughput_0.5_43,2026-09-01T11:49:21.599986,43,w_throughput,0.5,373,equal,100.0,100.0,100.0,1.0,0.001439,8.54,4.48,0.000557,SIMULATION
sensitivity_42_373_equal_w_throughput_0.5_44,2026-09-01T11:49:21.601598,44,w_throughput,0.5,373,equal,100.0,100.0,100.0,1.0,0.001092,13.72,3.71,0.00056,SIMULATION
sensitivity_42_373_equal_w_throughput_0.5_45,2026-09-01T11:49:21.603307,45,w_throughput,0.5,373,equal,100.0,100.0,100.0,1.0,0.00442,11.81,3.44,0.000575,SIMULATION
sensitivity_42_373_equal_w_throughput_0.5_46,2026-09-01T11:49:21.604966,46,w_throughput,0.5,373,equal,100.0,100.0,100.0,1.0,-0.002329,20.44,3.0,0.000575,SIMULATION
sensitivity_42_373_proportional_w_throughput_0.5_42,2026-09-01T11:49:21.606707,42,w_throughput,0.5,373,proportional,100.0,100.0,100.0,0.7991,0.000544,16.95,1.13,0.000611,SIMULATION
sensitivity_42_373_proportional_w_throughput_0.5_43,2026-09-01T11:49:21.608845,43,w_throughput,0.5,373,proportional,100.0,100.0,100.0,0.7838,0.000459,8.54,4.48,0.000695,SIMULATION
sensitivity_42_373_proportional_w_throughput_0.5_44,2026-09-01T11:49:21.610691,44,w_throughput,0.5,373,proportional,100.0,100.0,100.0,0.7901,-0.000502,13.72,3.71,0.000569,SIMULATION
sensitivity_42_373_proportional_w_throughput_0.5_45,2026-09-01T11:49:21.612330,45,w_throughput,0.5,373,proportional,100.0,100.0,100.0,0.8172,0.002963,11.81,3.44,0.000552,SIMULATION
sensitivity_42_373_proportional_w_throughput_0.5_46,2026-09-01T11:49:21.613957,46,w_throughput,0.5,373,proportional,100.0,100.0,100.0,0.7982,-0.003068,20.44,3.0,0.000544,SIMULATION
sensitivity_42_373_priority_w_throughput_0.5_42,2026-09-01T11:49:21.615753,42,w_throughput,0.5,373,priority,100.0,100.0,100.0,0.9411,0.003359,16.95,1.13,0.000501,SIMULATION
sensitivity_42_373_priority_w_throughput_0.5_43,2026-09-01T11:49:21.617425,43,w_throughput,0.5,373,priority,100.0,100.0,100.0,0.9365,0.002894,8.54,4.48,0.000502,SIMULATION
sensitivity_42_373_priority_w_throughput_0.5_44,2026-09-01T11:49:21.619201,44,w_throughput,0.5,373,priority,100.0,100.0,100.0,0.9417,0.002058,13.72,3.71,0.000517,SIMULATION
sensitivity_42_373_priority_w_throughput_0.5_45,2026-09-01T11:49:21.620978,45,w_throughput,0.5,373,priority,100.0,100.0,100.0,0.9473,0.005359,11.81,3.44,0.000544,SIMULATION
sensitivity_42_373_priority_w_throughput_0.5_46,2026-09-01T11:49:21.622798,46,w_throughput,0.5,373,priority,100.0,100.0,100.0,0.9422,-0.001804,20.44,3.0,0.000564,SIMULATION
sensitivity_42_373_max_min_fairness_w_throughput_0.5_42,2026-09-01T11:49:21.625557,42,w_throughput,0.5,373,max_min_fairness,100.0,100.0,100.0,1.0,0.002012,16.95,1.13,0.001077,SIMULATION
sensitivity_42_373_max_min_fairness_w_throughput_0.5_43,2026-09-01T11:49:21.627292,43,w_throughput,0.5,373,max_min_fairness,100.0,100.0,100.0,1.0,0.001439,8.54,4.48,0.000523,SIMULATION
sensitivity_42_373_max_min_fairness_w_throughput_0.5_44,2026-09-01T11:49:21.628934,44,w_throughput,0.5,373,max_min_fairness,100.0,100.0,100.0,1.0,0.001092,13.72,3.71,0.000543,SIMULATION
sensitivity_42_373_max_min_fairness_w_throughput_0.5_45,2026-09-01T11:49:21.630639,45,w_throughput,0.5,373,max_min_fairness,100.0,100.0,100.0,1.0,0.00442,11.81,3.44,0.00056,SIMULATION
sensitivity_42_373_max_min_fairness_w_throughput_0.5_46,2026-09-01T11:49:21.632413,46,w_throughput,0.5,373,max_min_fairness,100.0,100.0,100.0,1.0,-0.002329,20.44,3.0,0.000581,SIMULATION
sensitivity_42_373_alpha_fair_w_throughput_0.5_42,2026-09-01T11:49:21.634142,42,w_throughput,0.5,373,alpha_fair,100.0,100.0,100.0,0.7991,0.000544,16.95,1.13,0.000585,SIMULATION
sensitivity_42_373_alpha_fair_w_throughput_0.5_43,2026-09-01T11:49:21.635897,43,w_throughput,0.5,373,alpha_fair,100.0,100.0,100.0,0.7838,0.000459,8.54,4.48,0.000614,SIMULATION
sensitivity_42_373_alpha_fair_w_throughput_0.5_44,2026-09-01T11:49:21.637606,44,w_throughput,0.5,373,alpha_fair,100.0,100.0,100.0,0.7901,-0.000502,13.72,3.71,0.000576,SIMULATION
sensitivity_42_373_alpha_fair_w_throughput_0.5_45,2026-09-01T11:49:21.639331,45,w_throughput,0.5,373,alpha_fair,100.0,100.0,100.0,0.8172,0.002963,11.81,3.44,0.000578,SIMULATION
sensitivity_42_373_alpha_fair_w_throughput_0.5_46,2026-09-01T11:49:21.641661,46,w_throughput,0.5,373,alpha_fair,100.0,100.0,100.0,0.7982,-0.003068,20.44,3.0,0.000773,SIMULATION
sensitivity_42_373_game_theory_w_throughput_0.5_42,2026-09-01T11:49:21.775982,42,w_throughput,0.5,373,game_theory,100.0,100.0,100.0,0.167,-0.044523,16.95,1.13,0.000365,SIMULATION
sensitivity_42_373_game_theory_w_throughput_0.5_43,2026-09-01T11:49:21.916425,43,w_throughput,0.5,373,game_theory,100.0,100.0,100.0,0.1741,-0.042851,8.54,4.48,0.000372,SIMULATION
sensitivity_42_373_game_theory_w_throughput_0.5_44,2026-09-01T11:49:22.052208,44,w_throughput,0.5,373,game_theory,100.0,100.0,100.0,0.163,-0.045824,13.72,3.71,0.000323,SIMULATION
sensitivity_42_373_game_theory_w_throughput_0.5_45,2026-09-01T11:49:22.210852,45,w_throughput,0.5,373,game_theory,100.0,100.0,100.0,0.1676,-0.043534,11.81,3.44,0.00034,SIMULATION
sensitivity_42_373_game_theory_w_throughput_0.5_46,2026-09-01T11:49:22.343758,46,w_throughput,0.5,373,game_theory,100.0,100.0,100.0,0.1719,-0.050423,20.44,3.0,0.000326,SIMULATION
sensitivity_42_5_equal_w_throughput_1.0_42,2026-09-01T11:49:22.343908,42,w_throughput,1.0,5,equal,100.0,43.51,43.51,0.8536,0.450404,16.95,1.13,3.5e-05,SIMULATION
sensitivity_42_5_equal_w_throughput_1.0_43,2026-09-01T11:49:22.344005,43,w_throughput,1.0,5,equal,100.0,57.93,57.93,0.8118,-0.904578,8.54,4.48,3e-05,SIMULATION
sensitivity_42_5_equal_w_throughput_1.0_44,2026-09-01T11:49:22.344097,44,w_throughput,1.0,5,equal,100.0,37.12,37.12,0.6829,0.817245,13.72,3.71,2.8e-05,SIMULATION
sensitivity_42_5_equal_w_throughput_1.0_45,2026-09-01T11:49:22.344186,45,w_throughput,1.0,5,equal,100.0,48.12,48.12,0.836,-0.075873,11.81,3.44,2.7e-05,SIMULATION
sensitivity_42_5_equal_w_throughput_1.0_46,2026-09-01T11:49:22.344273,46,w_throughput,1.0,5,equal,100.0,49.63,49.63,0.7262,-0.262846,20.44,3.0,2.7e-05,SIMULATION
sensitivity_42_5_proportional_w_throughput_1.0_42,2026-09-01T11:49:22.344369,42,w_throughput,1.0,5,proportional,100.0,43.51,43.51,0.8536,0.450404,16.95,1.13,2.7e-05,SIMULATION
sensitivity_42_5_proportional_w_throughput_1.0_43,2026-09-01T11:49:22.344456,43,w_throughput,1.0,5,proportional,100.0,57.93,57.93,0.8118,-0.904578,8.54,4.48,2.7e-05,SIMULATION
sensitivity_42_5_proportional_w_throughput_1.0_44,2026-09-01T11:49:22.344544,44,w_throughput,1.0,5,proportional,100.0,37.12,37.12,0.6829,0.817245,13.72,3.71,2.8e-05,SIMULATION
sensitivity_42_5_proportional_w_throughput_1.0_45,2026-09-01T11:49:22.344643,45,w_throughput,1.0,5,proportional,100.0,48.12,48.12,0.836,-0.075873,11.81,3.44,2.7e-05,SIMULATION
sensitivity_42_5_proportional_w_throughput_1.0_46,2026-09-01T11:49:22.344742,46,w_throughput,1.0,5,proportional,100.0,51.37,51.37,0.7028,-0.425371,20.44,3.0,2.6e-05,SIMULATION
sensitivity_42_5_priority_w_throughput_1.0_42,2026-09-01T11:49:22.344834,42,w_throughput,1.0,5,priority,100.0,100.0,100.0,0.9686,-7.157713,16.95,1.13,2.5e-05,SIMULATION
sensitivity_42_5_priority_w_throughput_1.0_43,2026-09-01T11:49:22.344922,43,w_throughput,1.0,5,priority,100.0,100.0,100.0,0.9278,-7.246303,8.54,4.48,2.6e-05,SIMULATION
sensitivity_42_5_priority_w_throughput_1.0_44,2026-09-01T11:49:22.345010,44,w_throughput,1.0,5,priority,100.0,100.0,100.0,0.9399,-7.19132,13.72,3.71,2.5e-05,SIMULATION
sensitivity_42_5_priority_w_throughput_1.0_45,2026-09-01T11:49:22.345096,45,w_throughput,1.0,5,priority,100.0,100.0,100.0,0.9565,-7.613767,11.81,3.44,2.5e-05,SIMULATION
sensitivity_42_5_priority_w_throughput_1.0_46,2026-09-01T11:49:22.345183,46,w_throughput,1.0,5,priority,100.0,100.0,100.0,0.9334,-7.468063,20.44,3.0,2.5e-05,SIMULATION
sensitivity_42_5_max_min_fairness_w_throughput_1.0_42,2026-09-01T11:49:22.345275,42,w_throughput,1.0,5,max_min_fairness,100.0,43.51,43.51,0.8536,0.450404,16.95,1.13,2.6e-05,SIMULATION
sensitivity_42_5_max_min_fairness_w_throughput_1.0_43,2026-09-01T11:49:22.345362,43,w_throughput,1.0,5,max_min_fairness,100.0,57.93,57.93,0.8118,-0.904578,8.54,4.48,2.5e-05,SIMULATION
sensitivity_42_5_max_min_fairness_w_throughput_1.0_44,2026-09-01T11:49:22.345447,44,w_throughput,1.0,5,max_min_fairness,100.0,37.12,37.12,0.6829,0.817245,13.72,3.71,2.5e-05,SIMULATION
sensitivity_42_5_max_min_fairness_w_throughput_1.0_45,2026-09-01T11:49:22.345531,45,w_throughput,1.0,5,max_min_fairness,100.0,48.12,48.12,0.836,-0.075873,11.81,3.44,2.5e-05,SIMULATION
sensitivity_42_5_max_min_fairness_w_throughput_1.0_46,2026-09-01T11:49:22.345631,46,w_throughput,1.0,5,max_min_fairness,100.0,51.37,51.37,0.7028,-0.425371,20.44,3.0,3.9e-05,SIMULATION
sensitivity_42_5_alpha_fair_w_throughput_1.0_42,2026-09-01T11:49:22.345719,42,w_throughput,1.0,5,alpha_fair,100.0,43.51,43.51,0.8536,0.450404,16.95,1.13,2.6e-05,SIMULATION
sensitivity_42_5_alpha_fair_w_throughput_1.0_43,2026-09-01T11:49:22.345804,43,w_throughput,1.0,5,alpha_fair,100.0,57.93,57.93,0.8118,-0.904578,8.54,4.48,2.6e-05,SIMULATION
sensitivity_42_5_alpha_fair_w_throughput_1.0_44,2026-09-01T11:49:22.345890,44,w_throughput,1.0,5,alpha_fair,100.0,37.12,37.12,0.6829,0.817245,13.72,3.71,2.6e-05,SIMULATION
sensitivity_42_5_alpha_fair_w_throughput_1.0_45,2026-09-01T11:49:22.345975,45,w_throughput,1.0,5,alpha_fair,100.0,48.12,48.12,0.836,-0.075873,11.81,3.44,2.6e-05,SIMULATION
sensitivity_42_5_alpha_fair_w_throughput_1.0_46,2026-09-01T11:49:22.346060,46,w_throughput,1.0,5,alpha_fair,100.0,51.37,51.37,0.7028,-0.425371,20.44,3.0,2.5e-05,SIMULATION
sensitivity_42_5_game_theory_w_throughput_1.0_42,2026-09-01T11:49:22.346516,42,w_throughput,1.0,5,game_theory,100.0,28.5,28.5,0.8938,1.257561,16.95,1.13,3e-05,SIMULATION
sensitivity_42_5_game_theory_w_throughput_1.0_43,2026-09-01T11:49:22.346969,43,w_throughput,1.0,5,game_theory,100.0,29.5,29.5,0.9603,1.243378,8.54,4.48,3e-05,SIMULATION
sensitivity_42_5_game_theory_w_throughput_1.0_44,2026-09-01T11:49:22.347318,44,w_throughput,1.0,5,game_theory,100.0,26.5,26.5,0.8577,1.328297,13.72,3.71,3e-05,SIMULATION
sensitivity_42_5_game_theory_w_throughput_1.0_45,2026-09-01T11:49:22.347795,45,w_throughput,1.0,5,game_theory,100.0,29.5,29.5,0.9932,1.213645,11.81,3.44,2.9e-05,SIMULATION
sensitivity_42_5_game_theory_w_throughput_1.0_46,2026-09-01T11:49:22.348294,46,w_throughput,1.0,5,game_theory,100.0,27.5,27.5,0.8806,1.14213,20.44,3.0,2.9e-05,SIMULATION
sensitivity_42_10_equal_w_throughput_1.0_42,2026-09-01T11:49:22.348403,42,w_throughput,1.0,10,equal,100.0,83.16,83.16,0.9016,-1.107616,16.95,1.13,3.4e-05,SIMULATION
sensitivity_42_10_equal_w_throughput_1.0_43,2026-09-01T11:49:22.348509,43,w_throughput,1.0,10,equal,100.0,88.73,88.73,0.9512,-1.541165,8.54,4.48,3.3e-05,SIMULATION
sensitivity_42_10_equal_w_throughput_1.0_44,2026-09-01T11:49:22.348618,44,w_throughput,1.0,10,equal,100.0,80.28,80.28,0.8952,-0.984747,13.72,3.71,3.4e-05,SIMULATION
sensitivity_42_10_equal_w_throughput_1.0_45,2026-09-01T11:49:22.348722,45,w_throughput,1.0,10,equal,100.0,78.39,78.39,0.9246,-0.840048,11.81,3.44,3.2e-05,SIMULATION
sensitivity_42_10_equal_w_throughput_1.0_46,2026-09-01T11:49:22.348825,46,w_throughput,1.0,10,equal,100.0,81.37,81.37,0.9003,-1.280629,20.44,3.0,3.2e-05,SIMULATION
sensitivity_42_10_proportional_w_throughput_1.0_42,2026-09-01T11:49:22.348931,42,w_throughput,1.0,10,proportional,100.0,100.0,100.0,0.7951,-2.558143,16.95,1.13,3.3e-05,SIMULATION
sensitivity_42_10_proportional_w_throughput_1.0_43,2026-09-01T11:49:22.349034,43,w_throughput,1.0,10,proportional,100.0,100.0,100.0,0.8273,-2.566841,8.54,4.48,3.2e-05,SIMULATION
sensitivity_42_10_proportional_w_throughput_1.0_44,2026-09-01T11:49:22.349138,44,w_throughput,1.0,10,proportional,100.0,100.0,100.0,0.7675,-2.712518,13.72,3.71,3.2e-05,SIMULATION
sensitivity_42_10_proportional_w_throughput_1.0_45,2026-09-01T11:49:22.349242,45,w_throughput,1.0,10,proportional,100.0,94.6,94.6,0.8119,-2.23793,11.81,3.44,3.3e-05,SIMULATION
sensitivity_42_10_proportional_w_throughput_1.0_46,2026-09-01T11:49:22.349346,46,w_throughput,1.0,10,proportional,100.0,100.0,100.0,0.794,-2.924142,20.44,3.0,3.3e-05,SIMULATION
sensitivity_42_10_priority_w_throughput_1.0_42,2026-09-01T11:49:22.349459,42,w_throughput,1.0,10,priority,100.0,100.0,100.0,0.9234,-2.499973,16.95,1.13,3.3e-05,SIMULATION
sensitivity_42_10_priority_w_throughput_1.0_43,2026-09-01T11:49:22.349572,43,w_throughput,1.0,10,priority,100.0,100.0,100.0,0.9052,-2.581733,8.54,4.48,3.3e-05,SIMULATION
sensitivity_42_10_priority_w_throughput_1.0_44,2026-09-01T11:49:22.349685,44,w_throughput,1.0,10,priority,100.0,100.0,100.0,0.9054,-2.65708,13.72,3.71,3.3e-05,SIMULATION
sensitivity_42_10_priority_w_throughput_1.0_45,2026-09-01T11:49:22.349797,45,w_throughput,1.0,10,priority,100.0,100.0,100.0,0.9246,-2.644078,11.81,3.44,3.2e-05,SIMULATION
sensitivity_42_10_priority_w_throughput_1.0_46,2026-09-01T11:49:22.349909,46,w_throughput,1.0,10,priority,100.0,100.0,100.0,0.8868,-2.930271,20.44,3.0,3.2e-05,SIMULATION
sensitivity_42_10_max_min_fairness_w_throughput_1.0_42,2026-09-01T11:49:22.350025,42,w_throughput,1.0,10,max_min_fairness,100.0,100.0,100.0,0.8673,-2.526773,16.95,1.13,3.3e-05,SIMULATION
sensitivity_42_10_max_min_fairness_w_throughput_1.0_43,2026-09-01T11:49:22.350181,43,w_throughput,1.0,10,max_min_fairness,100.0,100.0,100.0,0.9335,-2.533747,8.54,4.48,3.3e-05,SIMULATION
sensitivity_42_10_max_min_fairness_w_throughput_1.0_44,2026-09-01T11:49:22.350295,44,w_throughput,1.0,10,max_min_fairness,100.0,100.0,100.0,0.8408,-2.683578,13.72,3.71,3.3e-05,SIMULATION
sensitivity_42_10_max_min_fairness_w_throughput_1.0_45,2026-09-01T11:49:22.350406,45,w_throughput,1.0,10,max_min_fairness,100.0,94.6,94.6,0.8119,-2.23793,11.81,3.44,3.3e-05,SIMULATION
sensitivity_42_10_max_min_fairness_w_throughput_1.0_46,2026-09-01T11:49:22.350521,46,w_throughput,1.0,10,max_min_fairness,100.0,100.0,100.0,0.8247,-2.926899,20.44,3.0,3.3e-05,SIMULATION
sensitivity_42_10_alpha_fair_w_throughput_1.0_42,2026-09-01T11:49:22.350632,42,w_throughput,1.0,10,alpha_fair,100.0,100.0,100.0,0.7951,-2.558143,16.95,1.13,3.4e-05,SIMULATION
sensitivity_42_10_alpha_fair_w_throughput_1.0_43,2026-09-01T11:49:22.350739,43,w_throughput,1.0,10,alpha_fair,100.0,100.0,100.0,0.8273,-2.566841,8.54,4.48,3.3e-05,SIMULATION
sensitivity_42_10_alpha_fair_w_throughput_1.0_44,2026-09-01T11:49:22.350846,44,w_throughput,1.0,10,alpha_fair,100.0,100.0,100.0,0.7675,-2.712518,13.72,3.71,3.3e-05,SIMULATION
sensitivity_42_10_alpha_fair_w_throughput_1.0_45,2026-09-01T11:49:22.350951,45,w_throughput,1.0,10,alpha_fair,100.0,94.6,94.6,0.8119,-2.23793,11.81,3.44,3.2e-05,SIMULATION
sensitivity_42_10_alpha_fair_w_throughput_1.0_46,2026-09-01T11:49:22.351058,46,w_throughput,1.0,10,alpha_fair,100.0,100.0,100.0,0.794,-2.924142,20.44,3.0,3.2e-05,SIMULATION
sensitivity_42_10_game_theory_w_throughput_1.0_42,2026-09-01T11:49:22.352085,42,w_throughput,1.0,10,game_theory,100.0,41.5,41.5,0.9528,0.958513,16.95,1.13,3.7e-05,SIMULATION
sensitivity_42_10_game_theory_w_throughput_1.0_43,2026-09-01T11:49:22.353479,43,w_throughput,1.0,10,game_theory,100.0,42.5,42.5,0.9724,0.935801,8.54,4.48,3.7e-05,SIMULATION
sensitivity_42_10_game_theory_w_throughput_1.0_44,2026-09-01T11:49:22.354684,44,w_throughput,1.0,10,game_theory,100.0,43.0,43.0,0.9556,0.93357,13.72,3.71,3.7e-05,SIMULATION
sensitivity_42_10_game_theory_w_throughput_1.0_45,2026-09-01T11:49:22.355710,45,w_throughput,1.0,10,game_theory,100.0,44.0,44.0,0.9803,0.906097,11.81,3.44,3.7e-05,SIMULATION
sensitivity_42_10_game_theory_w_throughput_1.0_46,2026-09-01T11:49:22.356704,46,w_throughput,1.0,10,game_theory,100.0,42.0,42.0,0.9383,0.810257,20.44,3.0,4.9e-05,SIMULATION
sensitivity_42_20_equal_w_throughput_1.0_42,2026-09-01T11:49:22.356906,42,w_throughput,1.0,20,equal,100.0,95.95,95.95,0.9817,-0.342827,16.95,1.13,5.4e-05,SIMULATION
sensitivity_42_20_equal_w_throughput_1.0_43,2026-09-01T11:49:22.357126,43,w_throughput,1.0,20,equal,100.0,97.57,97.57,0.9934,-0.397045,8.54,4.48,8.1e-05,SIMULATION
sensitivity_42_20_equal_w_throughput_1.0_44,2026-09-01T11:49:22.357307,44,w_throughput,1.0,20,equal,100.0,95.37,95.37,0.9848,-0.327027,13.72,3.71,6.1e-05,SIMULATION
sensitivity_42_20_equal_w_throughput_1.0_45,2026-09-01T11:49:22.357495,45,w_throughput,1.0,20,equal,100.0,95.25,95.25,0.9772,-0.339944,11.81,3.44,6.6e-05,SIMULATION
sensitivity_42_20_equal_w_throughput_1.0_46,2026-09-01T11:49:22.357663,46,w_throughput,1.0,20,equal,100.0,97.24,97.24,0.9849,-0.497103,20.44,3.0,4.6e-05,SIMULATION
sensitivity_42_20_proportional_w_throughput_1.0_42,2026-09-01T11:49:22.357811,42,w_throughput,1.0,20,proportional,100.0,100.0,100.0,0.8473,-0.5576,16.95,1.13,4.6e-05,SIMULATION
sensitivity_42_20_proportional_w_throughput_1.0_43,2026-09-01T11:49:22.357979,43,w_throughput,1.0,20,proportional,100.0,100.0,100.0,0.7922,-0.572847,8.54,4.48,4.7e-05,SIMULATION
sensitivity_42_20_proportional_w_throughput_1.0_44,2026-09-01T11:49:22.358127,44,w_throughput,1.0,20,proportional,100.0,100.0,100.0,0.764,-0.615757,13.72,3.71,4.8e-05,SIMULATION
sensitivity_42_20_proportional_w_throughput_1.0_45,2026-09-01T11:49:22.358322,45,w_throughput,1.0,20,proportional,100.0,100.0,100.0,0.7559,-0.63941,11.81,3.44,5.4e-05,SIMULATION
sensitivity_42_20_proportional_w_throughput_1.0_46,2026-09-01T11:49:22.358463,46,w_throughput,1.0,20,proportional,100.0,100.0,100.0,0.8103,-0.668303,20.44,3.0,4.4e-05,SIMULATION
sensitivity_42_20_priority_w_throughput_1.0_42,2026-09-01T11:49:22.358659,42,w_throughput,1.0,20,priority,100.0,100.0,100.0,0.9337,-0.537896,16.95,1.13,6e-05,SIMULATION
sensitivity_42_20_priority_w_throughput_1.0_43,2026-09-01T11:49:22.358829,43,w_throughput,1.0,20,priority,100.0,100.0,100.0,0.9344,-0.516343,8.54,4.48,6.4e-05,SIMULATION
sensitivity_42_20_priority_w_throughput_1.0_44,2026-09-01T11:49:22.359022,44,w_throughput,1.0,20,priority,100.0,100.0,100.0,0.9439,-0.547873,13.72,3.71,4.8e-05,SIMULATION
sensitivity_42_20_priority_w_throughput_1.0_45,2026-09-01T11:49:22.359188,45,w_throughput,1.0,20,priority,100.0,100.0,100.0,0.9366,-0.566959,11.81,3.44,4.9e-05,SIMULATION
sensitivity_42_20_priority_w_throughput_1.0_46,2026-09-01T11:49:22.359352,46,w_throughput,1.0,20,priority,100.0,100.0,100.0,0.9266,-0.652411,20.44,3.0,4.9e-05,SIMULATION
sensitivity_42_20_max_min_fairness_w_throughput_1.0_42,2026-09-01T11:49:22.359533,42,w_throughput,1.0,20,max_min_fairness,100.0,100.0,100.0,0.9798,-0.508816,16.95,1.13,4.4e-05,SIMULATION
sensitivity_42_20_max_min_fairness_w_throughput_1.0_43,2026-09-01T11:49:22.359686,43,w_throughput,1.0,20,max_min_fairness,100.0,100.0,100.0,0.9924,-0.49679,8.54,4.48,4.4e-05,SIMULATION
sensitivity_42_20_max_min_fairness_w_throughput_1.0_44,2026-09-01T11:49:22.359833,44,w_throughput,1.0,20,max_min_fairness,100.0,100.0,100.0,0.9817,-0.518117,13.72,3.71,4.4e-05,SIMULATION
sensitivity_42_20_max_min_fairness_w_throughput_1.0_45,2026-09-01T11:49:22.359979,45,w_throughput,1.0,20,max_min_fairness,100.0,100.0,100.0,0.9748,-0.536239,11.81,3.44,4.3e-05,SIMULATION
sensitivity_42_20_max_min_fairness_w_throughput_1.0_46,2026-09-01T11:49:22.360125,46,w_throughput,1.0,20,max_min_fairness,100.0,100.0,100.0,0.9842,-0.613476,20.44,3.0,4.3e-05,SIMULATION
sensitivity_42_20_alpha_fair_w_throughput_1.0_42,2026-09-01T11:49:22.360268,42,w_throughput,1.0,20,alpha_fair,100.0,100.0,100.0,0.8473,-0.5576,16.95,1.13,4.4e-05,SIMULATION
sensitivity_42_20_alpha_fair_w_throughput_1.0_43,2026-09-01T11:49:22.360407,43,w_throughput,1.0,20,alpha_fair,100.0,100.0,100.0,0.7922,-0.572847,8.54,4.48,4.4e-05,SIMULATION
sensitivity_42_20_alpha_fair_w_throughput_1.0_44,2026-09-01T11:49:22.360545,44,w_throughput,1.0,20,alpha_fair,100.0,100.0,100.0,0.764,-0.615757,13.72,3.71,4.4e-05,SIMULATION
sensitivity_42_20_alpha_fair_w_throughput_1.0_45,2026-09-01T11:49:22.360702,45,w_throughput,1.0,20,alpha_fair,100.0,100.0,100.0,0.7559,-0.63941,11.81,3.44,4.5e-05,SIMULATION
sensitivity_42_20_alpha_fair_w_throughput_1.0_46,2026-09-01T11:49:22.360847,46,w_throughput,1.0,20,alpha_fair,100.0,100.0,100.0,0.8103,-0.668303,20.44,3.0,4.5e-05,SIMULATION
sensitivity_42_20_game_theory_w_throughput_1.0_42,2026-09-01T11:49:22.363211,42,w_throughput,1.0,20,game_theory,100.0,59.5,59.5,0.9581,0.692339,16.95,1.13,5.3e-05,SIMULATION
sensitivity_42_20_game_theory_w_throughput_1.0_43,2026-09-01T11:49:22.365248,43,w_throughput,1.0,20,game_theory,100.0,59.5,59.5,0.9555,0.69592,8.54,4.48,5.1e-05,SIMULATION
sensitivity_42_20_game_theory_w_throughput_1.0_44,2026-09-01T11:49:22.367279,44,w_throughput,1.0,20,game_theory,100.0,59.5,59.5,0.9555,0.695616,13.72,3.71,5.7e-05,SIMULATION
sensitivity_42_20_game_theory_w_throughput_1.0_45,2026-09-01T11:49:22.369580,45,w_throughput,1.0,20,game_theory,100.0,59.5,59.5,0.9713,0.6875,11.81,3.44,5.2e-05,SIMULATION
sensitivity_42_20_game_theory_w_throughput_1.0_46,2026-09-01T11:49:22.372486,46,w_throughput,1.0,20,game_theory,100.0,59.5,59.5,0.9607,0.622034,20.44,3.0,5.3e-05,SIMULATION
sensitivity_42_30_equal_w_throughput_1.0_42,2026-09-01T11:49:22.372678,42,w_throughput,1.0,30,equal,100.0,97.9033,97.9033,0.9936,0.032359,16.95,1.13,6.2e-05,SIMULATION
sensitivity_42_30_equal_w_throughput_1.0_43,2026-09-01T11:49:22.372865,43,w_throughput,1.0,30,equal,100.0,99.3633,99.3633,0.999,-0.007881,8.54,4.48,6.1e-05,SIMULATION
sensitivity_42_30_equal_w_throughput_1.0_44,2026-09-01T11:49:22.373069,44,w_throughput,1.0,30,equal,100.0,99.4667,99.4667,0.9992,0.00933,13.72,3.71,6.2e-05,SIMULATION
sensitivity_42_30_equal_w_throughput_1.0_45,2026-09-01T11:49:22.373360,45,w_throughput,1.0,30,equal,100.0,98.5833,98.5833,0.9958,0.026464,11.81,3.44,0.000108,SIMULATION
sensitivity_42_30_equal_w_throughput_1.0_46,2026-09-01T11:49:22.373681,46,w_throughput,1.0,30,equal,100.0,98.9067,98.9067,0.9965,-0.04686,20.44,3.0,0.000114,SIMULATION
sensitivity_42_30_proportional_w_throughput_1.0_42,2026-09-01T11:49:22.373987,42,w_throughput,1.0,30,proportional,100.0,100.0,100.0,0.8041,-0.080179,16.95,1.13,8.3e-05,SIMULATION
sensitivity_42_30_proportional_w_throughput_1.0_43,2026-09-01T11:49:22.374242,43,w_throughput,1.0,30,proportional,100.0,100.0,100.0,0.8005,-0.081466,8.54,4.48,8.9e-05,SIMULATION
sensitivity_42_30_proportional_w_throughput_1.0_44,2026-09-01T11:49:22.374463,44,w_throughput,1.0,30,proportional,100.0,100.0,100.0,0.7492,-0.092381,13.72,3.71,6.5e-05,SIMULATION
sensitivity_42_30_proportional_w_throughput_1.0_45,2026-09-01T11:49:22.374657,45,w_throughput,1.0,30,proportional,100.0,100.0,100.0,0.7845,-0.093664,11.81,3.44,6.3e-05,SIMULATION
sensitivity_42_30_proportional_w_throughput_1.0_46,2026-09-01T11:49:22.374856,46,w_throughput,1.0,30,proportional,100.0,100.0,100.0,0.834,-0.125027,20.44,3.0,6.4e-05,SIMULATION
sensitivity_42_30_priority_w_throughput_1.0_42,2026-09-01T11:49:22.375086,42,w_throughput,1.0,30,priority,100.0,100.0,100.0,0.9351,-0.041797,16.95,1.13,7.1e-05,SIMULATION
sensitivity_42_30_priority_w_throughput_1.0_43,2026-09-01T11:49:22.375328,43,w_throughput,1.0,30,priority,100.0,100.0,100.0,0.9312,-0.036285,8.54,4.48,6.3e-05,SIMULATION
sensitivity_42_30_priority_w_throughput_1.0_44,2026-09-01T11:49:22.375553,44,w_throughput,1.0,30,priority,100.0,100.0,100.0,0.9408,-0.025705,13.72,3.71,7.5e-05,SIMULATION
sensitivity_42_30_priority_w_throughput_1.0_45,2026-09-01T11:49:22.375785,45,w_throughput,1.0,30,priority,100.0,100.0,100.0,0.9403,-0.033837,11.81,3.44,7.6e-05,SIMULATION
sensitivity_42_30_priority_w_throughput_1.0_46,2026-09-01T11:49:22.375992,46,w_throughput,1.0,30,priority,100.0,100.0,100.0,0.9376,-0.10673,20.44,3.0,5.7e-05,SIMULATION
sensitivity_42_30_max_min_fairness_w_throughput_1.0_42,2026-09-01T11:49:22.376183,42,w_throughput,1.0,30,max_min_fairness,100.0,100.0,100.0,0.9929,-0.02032,16.95,1.13,5.7e-05,SIMULATION
sensitivity_42_30_max_min_fairness_w_throughput_1.0_43,2026-09-01T11:49:22.376375,43,w_throughput,1.0,30,max_min_fairness,100.0,100.0,100.0,0.9989,-0.023904,8.54,4.48,6.1e-05,SIMULATION
sensitivity_42_30_max_min_fairness_w_throughput_1.0_44,2026-09-01T11:49:22.376563,44,w_throughput,1.0,30,max_min_fairness,100.0,100.0,100.0,0.9991,-0.004212,13.72,3.71,5.6e-05,SIMULATION
sensitivity_42_30_max_min_fairness_w_throughput_1.0_45,2026-09-01T11:49:22.376749,45,w_throughput,1.0,30,max_min_fairness,100.0,100.0,100.0,0.9956,-0.009307,11.81,3.44,5.6e-05,SIMULATION
sensitivity_42_30_max_min_fairness_w_throughput_1.0_46,2026-09-01T11:49:22.376936,46,w_throughput,1.0,30,max_min_fairness,100.0,100.0,100.0,0.9963,-0.075169,20.44,3.0,5.6e-05,SIMULATION
sensitivity_42_30_alpha_fair_w_throughput_1.0_42,2026-09-01T11:49:22.377114,42,w_throughput,1.0,30,alpha_fair,100.0,100.0,100.0,0.8041,-0.080179,16.95,1.13,5.6e-05,SIMULATION
sensitivity_42_30_alpha_fair_w_throughput_1.0_43,2026-09-01T11:49:22.377291,43,w_throughput,1.0,30,alpha_fair,100.0,100.0,100.0,0.8005,-0.081466,8.54,4.48,5.6e-05,SIMULATION
sensitivity_42_30_alpha_fair_w_throughput_1.0_44,2026-09-01T11:49:22.377467,44,w_throughput,1.0,30,alpha_fair,100.0,100.0,100.0,0.7492,-0.092381,13.72,3.71,5.6e-05,SIMULATION
sensitivity_42_30_alpha_fair_w_throughput_1.0_45,2026-09-01T11:49:22.377662,45,w_throughput,1.0,30,alpha_fair,100.0,100.0,100.0,0.7845,-0.093664,11.81,3.44,5.8e-05,SIMULATION
sensitivity_42_30_alpha_fair_w_throughput_1.0_46,2026-09-01T11:49:22.377859,46,w_throughput,1.0,30,alpha_fair,100.0,100.0,100.0,0.834,-0.125027,20.44,3.0,5.9e-05,SIMULATION
sensitivity_42_30_game_theory_w_throughput_1.0_42,2026-09-01T11:49:22.381576,42,w_throughput,1.0,30,game_theory,100.0,71.0,71.0,0.9547,0.543969,16.95,1.13,6.8e-05,SIMULATION
sensitivity_42_30_game_theory_w_throughput_1.0_43,2026-09-01T11:49:22.385349,43,w_throughput,1.0,30,game_theory,100.0,71.0,71.0,0.9575,0.540335,8.54,4.48,6.6e-05,SIMULATION
sensitivity_42_30_game_theory_w_throughput_1.0_44,2026-09-01T11:49:22.389709,44,w_throughput,1.0,30,game_theory,100.0,72.0,72.0,0.9417,0.545798,13.72,3.71,6.7e-05,SIMULATION
sensitivity_42_30_game_theory_w_throughput_1.0_45,2026-09-01T11:49:22.394555,45,w_throughput,1.0,30,game_theory,100.0,71.5,71.5,0.9507,0.5479,11.81,3.44,0.000101,SIMULATION
sensitivity_42_30_game_theory_w_throughput_1.0_46,2026-09-01T11:49:22.399270,46,w_throughput,1.0,30,game_theory,100.0,71.0,71.0,0.9547,0.501631,20.44,3.0,7.2e-05,SIMULATION
sensitivity_42_50_equal_w_throughput_1.0_42,2026-09-01T11:49:22.399548,42,w_throughput,1.0,50,equal,100.0,100.0,100.0,1.0,0.277362,16.95,1.13,9.2e-05,SIMULATION
sensitivity_42_50_equal_w_throughput_1.0_43,2026-09-01T11:49:22.399833,43,w_throughput,1.0,50,equal,100.0,100.0,100.0,1.0,0.232636,8.54,4.48,0.000103,SIMULATION
sensitivity_42_50_equal_w_throughput_1.0_44,2026-09-01T11:49:22.400095,44,w_throughput,1.0,50,equal,100.0,100.0,100.0,1.0,0.25892,13.72,3.71,8.7e-05,SIMULATION
sensitivity_42_50_equal_w_throughput_1.0_45,2026-09-01T11:49:22.400359,45,w_throughput,1.0,50,equal,100.0,100.0,100.0,1.0,0.259276,11.81,3.44,8.7e-05,SIMULATION
sensitivity_42_50_equal_w_throughput_1.0_46,2026-09-01T11:49:22.400617,46,w_throughput,1.0,50,equal,100.0,100.0,100.0,1.0,0.24043,20.44,3.0,8.6e-05,SIMULATION
sensitivity_42_50_proportional_w_throughput_1.0_42,2026-09-01T11:49:22.400883,42,w_throughput,1.0,50,proportional,100.0,100.0,100.0,0.821,0.233724,16.95,1.13,8.8e-05,SIMULATION
sensitivity_42_50_proportional_w_throughput_1.0_43,2026-09-01T11:49:22.401148,43,w_throughput,1.0,50,proportional,100.0,100.0,100.0,0.7826,0.187726,8.54,4.48,8.7e-05,SIMULATION
sensitivity_42_50_proportional_w_throughput_1.0_44,2026-09-01T11:49:22.401412,44,w_throughput,1.0,50,proportional,100.0,100.0,100.0,0.7759,0.203748,13.72,3.71,8.8e-05,SIMULATION
sensitivity_42_50_proportional_w_throughput_1.0_45,2026-09-01T11:49:22.401675,45,w_throughput,1.0,50,proportional,100.0,100.0,100.0,0.7633,0.185905,11.81,3.44,8.7e-05,SIMULATION
sensitivity_42_50_proportional_w_throughput_1.0_46,2026-09-01T11:49:22.401936,46,w_throughput,1.0,50,proportional,100.0,100.0,100.0,0.8102,0.197139,20.44,3.0,8.6e-05,SIMULATION
sensitivity_42_50_priority_w_throughput_1.0_42,2026-09-01T11:49:22.402236,42,w_throughput,1.0,50,priority,100.0,100.0,100.0,0.9409,0.27029,16.95,1.13,8.8e-05,SIMULATION
sensitivity_42_50_priority_w_throughput_1.0_43,2026-09-01T11:49:22.402532,43,w_throughput,1.0,50,priority,100.0,100.0,100.0,0.9282,0.228502,8.54,4.48,8.8e-05,SIMULATION
sensitivity_42_50_priority_w_throughput_1.0_44,2026-09-01T11:49:22.402854,44,w_throughput,1.0,50,priority,100.0,100.0,100.0,0.9362,0.250623,13.72,3.71,8.7e-05,SIMULATION
sensitivity_42_50_priority_w_throughput_1.0_45,2026-09-01T11:49:22.403154,45,w_throughput,1.0,50,priority,100.0,100.0,100.0,0.9369,0.248698,11.81,3.44,8.5e-05,SIMULATION
sensitivity_42_50_priority_w_throughput_1.0_46,2026-09-01T11:49:22.403437,46,w_throughput,1.0,50,priority,100.0,100.0,100.0,0.9385,0.228913,20.44,3.0,8.5e-05,SIMULATION
sensitivity_42_50_max_min_fairness_w_throughput_1.0_42,2026-09-01T11:49:22.403703,42,w_throughput,1.0,50,max_min_fairness,100.0,100.0,100.0,1.0,0.277362,16.95,1.13,8.5e-05,SIMULATION
sensitivity_42_50_max_min_fairness_w_throughput_1.0_43,2026-09-01T11:49:22.403969,43,w_throughput,1.0,50,max_min_fairness,100.0,100.0,100.0,1.0,0.232636,8.54,4.48,8.4e-05,SIMULATION
sensitivity_42_50_max_min_fairness_w_throughput_1.0_44,2026-09-01T11:49:22.404239,44,w_throughput,1.0,50,max_min_fairness,100.0,100.0,100.0,1.0,0.25892,13.72,3.71,8.5e-05,SIMULATION
sensitivity_42_50_max_min_fairness_w_throughput_1.0_45,2026-09-01T11:49:22.404504,45,w_throughput,1.0,50,max_min_fairness,100.0,100.0,100.0,1.0,0.259276,11.81,3.44,8.4e-05,SIMULATION
sensitivity_42_50_max_min_fairness_w_throughput_1.0_46,2026-09-01T11:49:22.404768,46,w_throughput,1.0,50,max_min_fairness,100.0,100.0,100.0,1.0,0.24043,20.44,3.0,8.4e-05,SIMULATION
sensitivity_42_50_alpha_fair_w_throughput_1.0_42,2026-09-01T11:49:22.405042,42,w_throughput,1.0,50,alpha_fair,100.0,100.0,100.0,0.821,0.233724,16.95,1.13,8.4e-05,SIMULATION
sensitivity_42_50_alpha_fair_w_throughput_1.0_43,2026-09-01T11:49:22.405299,43,w_throughput,1.0,50,alpha_fair,100.0,100.0,100.0,0.7826,0.187726,8.54,4.48,8.3e-05,SIMULATION
sensitivity_42_50_alpha_fair_w_throughput_1.0_44,2026-09-01T11:49:22.405555,44,w_throughput,1.0,50,alpha_fair,100.0,100.0,100.0,0.7759,0.203748,13.72,3.71,8.3e-05,SIMULATION
sensitivity_42_50_alpha_fair_w_throughput_1.0_45,2026-09-01T11:49:22.405827,45,w_throughput,1.0,50,alpha_fair,100.0,100.0,100.0,0.7633,0.185905,11.81,3.44,8.3e-05,SIMULATION
sensitivity_42_50_alpha_fair_w_throughput_1.0_46,2026-09-01T11:49:22.406147,46,w_throughput,1.0,50,alpha_fair,100.0,100.0,100.0,0.8102,0.197139,20.44,3.0,8.8e-05,SIMULATION
sensitivity_42_50_game_theory_w_throughput_1.0_42,2026-09-01T11:49:22.414670,42,w_throughput,1.0,50,game_theory,100.0,89.0,89.0,0.9264,0.400763,16.95,1.13,0.000135,SIMULATION
sensitivity_42_50_game_theory_w_throughput_1.0_43,2026-09-01T11:49:22.421769,43,w_throughput,1.0,50,game_theory,100.0,88.0,88.0,0.956,0.37279,8.54,4.48,9.9e-05,SIMULATION
sensitivity_42_50_game_theory_w_throughput_1.0_44,2026-09-01T11:49:22.435593,44,w_throughput,1.0,50,game_theory,100.0,88.0,88.0,0.9192,0.393022,13.72,3.71,0.000217,SIMULATION
sensitivity_42_50_game_theory_w_throughput_1.0_45,2026-09-01T11:49:22.451515,45,w_throughput,1.0,50,game_theory,100.0,88.0,88.0,0.9387,0.393178,11.81,3.44,0.000137,SIMULATION
sensitivity_42_50_game_theory_w_throughput_1.0_46,2026-09-01T11:49:22.462270,46,w_throughput,1.0,50,game_theory,100.0,89.5,89.5,0.9168,0.358466,20.44,3.0,0.000134,SIMULATION
sensitivity_42_100_equal_w_throughput_1.0_42,2026-09-01T11:49:22.462793,42,w_throughput,1.0,100,equal,100.0,100.0,100.0,1.0,0.318642,16.95,1.13,0.000195,SIMULATION
sensitivity_42_100_equal_w_throughput_1.0_43,2026-09-01T11:49:22.463222,43,w_throughput,1.0,100,equal,100.0,100.0,100.0,1.0,0.310493,8.54,4.48,0.000144,SIMULATION
sensitivity_42_100_equal_w_throughput_1.0_44,2026-09-01T11:49:22.463666,44,w_throughput,1.0,100,equal,100.0,100.0,100.0,1.0,0.321766,13.72,3.71,0.000159,SIMULATION
sensitivity_42_100_equal_w_throughput_1.0_45,2026-09-01T11:49:22.464078,45,w_throughput,1.0,100,equal,100.0,100.0,100.0,1.0,0.325235,11.81,3.44,0.00014,SIMULATION
sensitivity_42_100_equal_w_throughput_1.0_46,2026-09-01T11:49:22.464499,46,w_throughput,1.0,100,equal,100.0,100.0,100.0,1.0,0.289549,20.44,3.0,0.000148,SIMULATION
sensitivity_42_100_proportional_w_throughput_1.0_42,2026-09-01T11:49:22.464950,42,w_throughput,1.0,100,proportional,100.0,100.0,100.0,0.7987,0.289673,16.95,1.13,0.000148,SIMULATION
sensitivity_42_100_proportional_w_throughput_1.0_43,2026-09-01T11:49:22.465387,43,w_throughput,1.0,100,proportional,100.0,100.0,100.0,0.7804,0.283927,8.54,4.48,0.000147,SIMULATION
sensitivity_42_100_proportional_w_throughput_1.0_44,2026-09-01T11:49:22.465848,44,w_throughput,1.0,100,proportional,100.0,100.0,100.0,0.774,0.291265,13.72,3.71,0.000151,SIMULATION
sensitivity_42_100_proportional_w_throughput_1.0_45,2026-09-01T11:49:22.466295,45,w_throughput,1.0,100,proportional,100.0,100.0,100.0,0.8017,0.293147,11.81,3.44,0.00015,SIMULATION
sensitivity_42_100_proportional_w_throughput_1.0_46,2026-09-01T11:49:22.466766,46,w_throughput,1.0,100,proportional,100.0,100.0,100.0,0.7808,0.262475,20.44,3.0,0.000168,SIMULATION
sensitivity_42_100_priority_w_throughput_1.0_42,2026-09-01T11:49:22.467279,42,w_throughput,1.0,100,priority,100.0,100.0,100.0,0.9405,0.321257,16.95,1.13,0.000155,SIMULATION
sensitivity_42_100_priority_w_throughput_1.0_43,2026-09-01T11:49:22.467824,43,w_throughput,1.0,100,priority,100.0,100.0,100.0,0.9364,0.31494,8.54,4.48,0.00016,SIMULATION
sensitivity_42_100_priority_w_throughput_1.0_44,2026-09-01T11:49:22.468352,44,w_throughput,1.0,100,priority,100.0,100.0,100.0,0.9417,0.323317,13.72,3.71,0.00016,SIMULATION
sensitivity_42_100_priority_w_throughput_1.0_45,2026-09-01T11:49:22.468920,45,w_throughput,1.0,100,priority,100.0,100.0,100.0,0.9458,0.325072,11.81,3.44,0.000165,SIMULATION
sensitivity_42_100_priority_w_throughput_1.0_46,2026-09-01T11:49:22.469459,46,w_throughput,1.0,100,priority,100.0,100.0,100.0,0.9349,0.288919,20.44,3.0,0.000164,SIMULATION
sensitivity_42_100_max_min_fairness_w_throughput_1.0_42,2026-09-01T11:49:22.469990,42,w_throughput,1.0,100,max_min_fairness,100.0,100.0,100.0,1.0,0.318642,16.95,1.13,0.000165,SIMULATION
sensitivity_42_100_max_min_fairness_w_throughput_1.0_43,2026-09-01T11:49:22.470508,43,w_throughput,1.0,100,max_min_fairness,100.0,100.0,100.0,1.0,0.310493,8.54,4.48,0.000167,SIMULATION
sensitivity_42_100_max_min_fairness_w_throughput_1.0_44,2026-09-01T11:49:22.471047,44,w_throughput,1.0,100,max_min_fairness,100.0,100.0,100.0,1.0,0.321766,13.72,3.71,0.000168,SIMULATION
sensitivity_42_100_max_min_fairness_w_throughput_1.0_45,2026-09-01T11:49:22.471581,45,w_throughput,1.0,100,max_min_fairness,100.0,100.0,100.0,1.0,0.325235,11.81,3.44,0.000173,SIMULATION
sensitivity_42_100_max_min_fairness_w_throughput_1.0_46,2026-09-01T11:49:22.472111,46,w_throughput,1.0,100,max_min_fairness,100.0,100.0,100.0,1.0,0.289549,20.44,3.0,0.000168,SIMULATION
sensitivity_42_100_alpha_fair_w_throughput_1.0_42,2026-09-01T11:49:22.472671,42,w_throughput,1.0,100,alpha_fair,100.0,100.0,100.0,0.7987,0.289673,16.95,1.13,0.000207,SIMULATION
sensitivity_42_100_alpha_fair_w_throughput_1.0_43,2026-09-01T11:49:22.473329,43,w_throughput,1.0,100,alpha_fair,100.0,100.0,100.0,0.7804,0.283927,8.54,4.48,0.000299,SIMULATION
sensitivity_42_100_alpha_fair_w_throughput_1.0_44,2026-09-01T11:49:22.474248,44,w_throughput,1.0,100,alpha_fair,100.0,100.0,100.0,0.774,0.291265,13.72,3.71,0.000324,SIMULATION
sensitivity_42_100_alpha_fair_w_throughput_1.0_45,2026-09-01T11:49:22.475114,45,w_throughput,1.0,100,alpha_fair,100.0,100.0,100.0,0.8017,0.293147,11.81,3.44,0.000436,SIMULATION
sensitivity_42_100_alpha_fair_w_throughput_1.0_46,2026-09-01T11:49:22.475895,46,w_throughput,1.0,100,alpha_fair,100.0,100.0,100.0,0.7808,0.262475,20.44,3.0,0.000226,SIMULATION
sensitivity_42_100_game_theory_w_throughput_1.0_42,2026-09-01T11:49:22.491455,42,w_throughput,1.0,100,game_theory,100.0,100.0,100.0,0.6231,0.221172,16.95,1.13,0.000223,SIMULATION
sensitivity_42_100_game_theory_w_throughput_1.0_43,2026-09-01T11:49:22.506353,43,w_throughput,1.0,100,game_theory,100.0,100.0,100.0,0.6494,0.224176,8.54,4.48,0.000213,SIMULATION
sensitivity_42_100_game_theory_w_throughput_1.0_44,2026-09-01T11:49:22.521264,44,w_throughput,1.0,100,game_theory,100.0,100.0,100.0,0.6079,0.217256,13.72,3.71,0.000201,SIMULATION
sensitivity_42_100_game_theory_w_throughput_1.0_45,2026-09-01T11:49:22.537216,45,w_throughput,1.0,100,game_theory,100.0,100.0,100.0,0.625,0.226192,11.81,3.44,0.000193,SIMULATION
sensitivity_42_100_game_theory_w_throughput_1.0_46,2026-09-01T11:49:22.551928,46,w_throughput,1.0,100,game_theory,100.0,100.0,100.0,0.641,0.198404,20.44,3.0,0.000175,SIMULATION
sensitivity_42_200_equal_w_throughput_1.0_42,2026-09-01T11:49:22.552827,42,w_throughput,1.0,200,equal,100.0,100.0,100.0,1.0,0.232677,16.95,1.13,0.000328,SIMULATION
sensitivity_42_200_equal_w_throughput_1.0_43,2026-09-01T11:49:22.553647,43,w_throughput,1.0,200,equal,100.0,100.0,100.0,1.0,0.22734,8.54,4.48,0.000281,SIMULATION
sensitivity_42_200_equal_w_throughput_1.0_44,2026-09-01T11:49:22.554460,44,w_throughput,1.0,200,equal,100.0,100.0,100.0,1.0,0.234448,13.72,3.71,0.000279,SIMULATION
sensitivity_42_200_equal_w_throughput_1.0_45,2026-09-01T11:49:22.555275,45,w_throughput,1.0,200,equal,100.0,100.0,100.0,1.0,0.24552,11.81,3.44,0.000282,SIMULATION
sensitivity_42_200_equal_w_throughput_1.0_46,2026-09-01T11:49:22.556084,46,w_throughput,1.0,200,equal,100.0,100.0,100.0,1.0,0.225902,20.44,3.0,0.000278,SIMULATION
sensitivity_42_200_proportional_w_throughput_1.0_42,2026-09-01T11:49:22.557392,42,w_throughput,1.0,200,proportional,100.0,100.0,100.0,0.7909,0.221846,16.95,1.13,0.000629,SIMULATION
sensitivity_42_200_proportional_w_throughput_1.0_43,2026-09-01T11:49:22.559077,43,w_throughput,1.0,200,proportional,100.0,100.0,100.0,0.7785,0.217898,8.54,4.48,0.000489,SIMULATION
sensitivity_42_200_proportional_w_throughput_1.0_44,2026-09-01T11:49:22.559948,44,w_throughput,1.0,200,proportional,100.0,100.0,100.0,0.8003,0.222404,13.72,3.71,0.000273,SIMULATION
sensitivity_42_200_proportional_w_throughput_1.0_45,2026-09-01T11:49:22.560758,45,w_throughput,1.0,200,proportional,100.0,100.0,100.0,0.8309,0.234577,11.81,3.44,0.000285,SIMULATION
sensitivity_42_200_proportional_w_throughput_1.0_46,2026-09-01T11:49:22.561568,46,w_throughput,1.0,200,proportional,100.0,100.0,100.0,0.791,0.214531,20.44,3.0,0.000274,SIMULATION
sensitivity_42_200_priority_w_throughput_1.0_42,2026-09-01T11:49:22.562509,42,w_throughput,1.0,200,priority,100.0,100.0,100.0,0.9391,0.237845,16.95,1.13,0.000281,SIMULATION
sensitivity_42_200_priority_w_throughput_1.0_43,2026-09-01T11:49:22.563448,43,w_throughput,1.0,200,priority,100.0,100.0,100.0,0.9357,0.233471,8.54,4.48,0.000282,SIMULATION
sensitivity_42_200_priority_w_throughput_1.0_44,2026-09-01T11:49:22.564389,44,w_throughput,1.0,200,priority,100.0,100.0,100.0,0.9427,0.238279,13.72,3.71,0.000282,SIMULATION
sensitivity_42_200_priority_w_throughput_1.0_45,2026-09-01T11:49:22.565319,45,w_throughput,1.0,200,priority,100.0,100.0,100.0,0.9509,0.248006,11.81,3.44,0.000287,SIMULATION
sensitivity_42_200_priority_w_throughput_1.0_46,2026-09-01T11:49:22.566260,46,w_throughput,1.0,200,priority,100.0,100.0,100.0,0.9413,0.229094,20.44,3.0,0.000282,SIMULATION
sensitivity_42_200_max_min_fairness_w_throughput_1.0_42,2026-09-01T11:49:22.567128,42,w_throughput,1.0,200,max_min_fairness,100.0,100.0,100.0,1.0,0.232677,16.95,1.13,0.00028,SIMULATION
sensitivity_42_200_max_min_fairness_w_throughput_1.0_43,2026-09-01T11:49:22.567999,43,w_throughput,1.0,200,max_min_fairness,100.0,100.0,100.0,1.0,0.22734,8.54,4.48,0.00028,SIMULATION
sensitivity_42_200_max_min_fairness_w_throughput_1.0_44,2026-09-01T11:49:22.568893,44,w_throughput,1.0,200,max_min_fairness,100.0,100.0,100.0,1.0,0.234448,13.72,3.71,0.000284,SIMULATION
sensitivity_42_200_max_min_fairness_w_throughput_1.0_45,2026-09-01T11:49:22.569795,45,w_throughput,1.0,200,max_min_fairness,100.0,100.0,100.0,1.0,0.24552,11.81,3.44,0.00031,SIMULATION
sensitivity_42_200_max_min_fairness_w_throughput_1.0_46,2026-09-01T11:49:22.570659,46,w_throughput,1.0,200,max_min_fairness,100.0,100.0,100.0,1.0,0.225902,20.44,3.0,0.00028,SIMULATION
sensitivity_42_200_alpha_fair_w_throughput_1.0_42,2026-09-01T11:49:22.571523,42,w_throughput,1.0,200,alpha_fair,100.0,100.0,100.0,0.7909,0.221846,16.95,1.13,0.000305,SIMULATION
sensitivity_42_200_alpha_fair_w_throughput_1.0_43,2026-09-01T11:49:22.572359,43,w_throughput,1.0,200,alpha_fair,100.0,100.0,100.0,0.7785,0.217898,8.54,4.48,0.000281,SIMULATION
sensitivity_42_200_alpha_fair_w_throughput_1.0_44,2026-09-01T11:49:22.573232,44,w_throughput,1.0,200,alpha_fair,100.0,100.0,100.0,0.8003,0.222404,13.72,3.71,0.000319,SIMULATION
sensitivity_42_200_alpha_fair_w_throughput_1.0_45,2026-09-01T11:49:22.574350,45,w_throughput,1.0,200,alpha_fair,100.0,100.0,100.0,0.8309,0.234577,11.81,3.44,0.000379,SIMULATION
sensitivity_42_200_alpha_fair_w_throughput_1.0_46,2026-09-01T11:49:22.575393,46,w_throughput,1.0,200,alpha_fair,100.0,100.0,100.0,0.791,0.214531,20.44,3.0,0.000362,SIMULATION
sensitivity_42_200_game_theory_w_throughput_1.0_42,2026-09-01T11:49:22.617154,42,w_throughput,1.0,200,game_theory,100.0,100.0,100.0,0.3115,0.110586,16.95,1.13,0.000236,SIMULATION
sensitivity_42_200_game_theory_w_throughput_1.0_43,2026-09-01T11:49:22.663360,43,w_throughput,1.0,200,game_theory,100.0,100.0,100.0,0.3247,0.112088,8.54,4.48,0.000239,SIMULATION
sensitivity_42_200_game_theory_w_throughput_1.0_44,2026-09-01T11:49:22.704885,44,w_throughput,1.0,200,game_theory,100.0,100.0,100.0,0.304,0.108628,13.72,3.71,0.000278,SIMULATION
sensitivity_42_200_game_theory_w_throughput_1.0_45,2026-09-01T11:49:22.750466,45,w_throughput,1.0,200,game_theory,100.0,100.0,100.0,0.3125,0.113096,11.81,3.44,0.000235,SIMULATION
sensitivity_42_200_game_theory_w_throughput_1.0_46,2026-09-01T11:49:22.792289,46,w_throughput,1.0,200,game_theory,100.0,100.0,100.0,0.3205,0.099202,20.44,3.0,0.000295,SIMULATION
sensitivity_42_373_equal_w_throughput_1.0_42,2026-09-01T11:49:22.793808,42,w_throughput,1.0,373,equal,100.0,100.0,100.0,1.0,0.150731,16.95,1.13,0.000529,SIMULATION
sensitivity_42_373_equal_w_throughput_1.0_43,2026-09-01T11:49:22.795308,43,w_throughput,1.0,373,equal,100.0,100.0,100.0,1.0,0.148215,8.54,4.48,0.000521,SIMULATION
sensitivity_42_373_equal_w_throughput_1.0_44,2026-09-01T11:49:22.796801,44,w_throughput,1.0,373,equal,100.0,100.0,100.0,1.0,0.15083,13.72,3.71,0.000516,SIMULATION
sensitivity_42_373_equal_w_throughput_1.0_45,2026-09-01T11:49:22.798297,45,w_throughput,1.0,373,equal,100.0,100.0,100.0,1.0,0.155909,11.81,3.44,0.000516,SIMULATION
sensitivity_42_373_equal_w_throughput_1.0_46,2026-09-01T11:49:22.799789,46,w_throughput,1.0,373,equal,100.0,100.0,100.0,1.0,0.147854,20.44,3.0,0.000516,SIMULATION
sensitivity_42_373_proportional_w_throughput_1.0_42,2026-09-01T11:49:22.801309,42,w_throughput,1.0,373,proportional,100.0,100.0,100.0,0.7991,0.146723,16.95,1.13,0.000519,SIMULATION
sensitivity_42_373_proportional_w_throughput_1.0_43,2026-09-01T11:49:22.802921,43,w_throughput,1.0,373,proportional,100.0,100.0,100.0,0.7838,0.145648,8.54,4.48,0.000572,SIMULATION
sensitivity_42_373_proportional_w_throughput_1.0_44,2026-09-01T11:49:22.804594,44,w_throughput,1.0,373,proportional,100.0,100.0,100.0,0.7901,0.146635,13.72,3.71,0.000522,SIMULATION
sensitivity_42_373_proportional_w_throughput_1.0_45,2026-09-01T11:49:22.806116,45,w_throughput,1.0,373,proportional,100.0,100.0,100.0,0.8172,0.152146,11.81,3.44,0.000515,SIMULATION
sensitivity_42_373_proportional_w_throughput_1.0_46,2026-09-01T11:49:22.808102,46,w_throughput,1.0,373,proportional,100.0,100.0,100.0,0.7982,0.145061,20.44,3.0,0.000653,SIMULATION
sensitivity_42_373_priority_w_throughput_1.0_42,2026-09-01T11:49:22.810001,42,w_throughput,1.0,373,priority,100.0,100.0,100.0,0.9411,0.155309,16.95,1.13,0.000548,SIMULATION
sensitivity_42_373_priority_w_throughput_1.0_43,2026-09-01T11:49:22.811747,43,w_throughput,1.0,373,priority,100.0,100.0,100.0,0.9365,0.152996,8.54,4.48,0.000542,SIMULATION
sensitivity_42_373_priority_w_throughput_1.0_44,2026-09-01T11:49:22.813487,44,w_throughput,1.0,373,priority,100.0,100.0,100.0,0.9417,0.154884,13.72,3.71,0.000522,SIMULATION
sensitivity_42_373_priority_w_throughput_1.0_45,2026-09-01T11:49:22.815252,45,w_throughput,1.0,373,priority,100.0,100.0,100.0,0.9473,0.159571,11.81,3.44,0.000546,SIMULATION
sensitivity_42_373_priority_w_throughput_1.0_46,2026-09-01T11:49:22.816981,46,w_throughput,1.0,373,priority,100.0,100.0,100.0,0.9422,0.1515,20.44,3.0,0.000519,SIMULATION
sensitivity_42_373_max_min_fairness_w_throughput_1.0_42,2026-09-01T11:49:22.818589,42,w_throughput,1.0,373,max_min_fairness,100.0,100.0,100.0,1.0,0.150731,16.95,1.13,0.000518,SIMULATION
sensitivity_42_373_max_min_fairness_w_throughput_1.0_43,2026-09-01T11:49:22.820289,43,w_throughput,1.0,373,max_min_fairness,100.0,100.0,100.0,1.0,0.148215,8.54,4.48,0.000522,SIMULATION
sensitivity_42_373_max_min_fairness_w_throughput_1.0_44,2026-09-01T11:49:22.821890,44,w_throughput,1.0,373,max_min_fairness,100.0,100.0,100.0,1.0,0.15083,13.72,3.71,0.000519,SIMULATION
sensitivity_42_373_max_min_fairness_w_throughput_1.0_45,2026-09-01T11:49:22.823909,45,w_throughput,1.0,373,max_min_fairness,100.0,100.0,100.0,1.0,0.155909,11.81,3.44,0.000886,SIMULATION
sensitivity_42_373_max_min_fairness_w_throughput_1.0_46,2026-09-01T11:49:22.826331,46,w_throughput,1.0,373,max_min_fairness,100.0,100.0,100.0,1.0,0.147854,20.44,3.0,0.000552,SIMULATION
sensitivity_42_373_alpha_fair_w_throughput_1.0_42,2026-09-01T11:49:22.827909,42,w_throughput,1.0,373,alpha_fair,100.0,100.0,100.0,0.7991,0.146723,16.95,1.13,0.000519,SIMULATION
sensitivity_42_373_alpha_fair_w_throughput_1.0_43,2026-09-01T11:49:22.829454,43,w_throughput,1.0,373,alpha_fair,100.0,100.0,100.0,0.7838,0.145648,8.54,4.48,0.000524,SIMULATION
sensitivity_42_373_alpha_fair_w_throughput_1.0_44,2026-09-01T11:49:22.830989,44,w_throughput,1.0,373,alpha_fair,100.0,100.0,100.0,0.7901,0.146635,13.72,3.71,0.000517,SIMULATION
sensitivity_42_373_alpha_fair_w_throughput_1.0_45,2026-09-01T11:49:22.832528,45,w_throughput,1.0,373,alpha_fair,100.0,100.0,100.0,0.8172,0.152146,11.81,3.44,0.000519,SIMULATION
sensitivity_42_373_alpha_fair_w_throughput_1.0_46,2026-09-01T11:49:22.834054,46,w_throughput,1.0,373,alpha_fair,100.0,100.0,100.0,0.7982,0.145061,20.44,3.0,0.000518,SIMULATION
sensitivity_42_373_game_theory_w_throughput_1.0_42,2026-09-01T11:49:22.968876,42,w_throughput,1.0,373,game_theory,100.0,100.0,100.0,0.167,0.059295,16.95,1.13,0.00033,SIMULATION
sensitivity_42_373_game_theory_w_throughput_1.0_43,2026-09-01T11:49:23.102528,43,w_throughput,1.0,373,game_theory,100.0,100.0,100.0,0.1741,0.060101,8.54,4.48,0.000369,SIMULATION
sensitivity_42_373_game_theory_w_throughput_1.0_44,2026-09-01T11:49:23.241421,44,w_throughput,1.0,373,game_theory,100.0,100.0,100.0,0.163,0.058246,13.72,3.71,0.000667,SIMULATION
sensitivity_42_373_game_theory_w_throughput_1.0_45,2026-09-01T11:49:23.395758,45,w_throughput,1.0,373,game_theory,100.0,100.0,100.0,0.1676,0.060641,11.81,3.44,0.000357,SIMULATION
sensitivity_42_373_game_theory_w_throughput_1.0_46,2026-09-01T11:49:23.528278,46,w_throughput,1.0,373,game_theory,100.0,100.0,100.0,0.1719,0.053192,20.44,3.0,0.000312,SIMULATION
sensitivity_42_5_equal_w_throughput_1.5_42,2026-09-01T11:49:23.528420,42,w_throughput,1.5,5,equal,100.0,43.51,43.51,0.8536,1.846224,16.95,1.13,3.4e-05,SIMULATION
sensitivity_42_5_equal_w_throughput_1.5_43,2026-09-01T11:49:23.528512,43,w_throughput,1.5,5,equal,100.0,57.93,57.93,0.8118,0.63894,8.54,4.48,2.8e-05,SIMULATION
sensitivity_42_5_equal_w_throughput_1.5_44,2026-09-01T11:49:23.528618,44,w_throughput,1.5,5,equal,100.0,37.12,37.12,0.6829,2.125928,13.72,3.71,4.1e-05,SIMULATION
sensitivity_42_5_equal_w_throughput_1.5_45,2026-09-01T11:49:23.528704,45,w_throughput,1.5,5,equal,100.0,48.12,48.12,0.836,1.433989,11.81,3.44,2.6e-05,SIMULATION
sensitivity_42_5_equal_w_throughput_1.5_46,2026-09-01T11:49:23.528789,46,w_throughput,1.5,5,equal,100.0,49.63,49.63,0.7262,1.119834,20.44,3.0,2.6e-05,SIMULATION
sensitivity_42_5_proportional_w_throughput_1.5_42,2026-09-01T11:49:23.528885,42,w_throughput,1.5,5,proportional,100.0,43.51,43.51,0.8536,1.846224,16.95,1.13,2.6e-05,SIMULATION
sensitivity_42_5_proportional_w_throughput_1.5_43,2026-09-01T11:49:23.528969,43,w_throughput,1.5,5,proportional,100.0,57.93,57.93,0.8118,0.63894,8.54,4.48,2.6e-05,SIMULATION
sensitivity_42_5_proportional_w_throughput_1.5_44,2026-09-01T11:49:23.529052,44,w_throughput,1.5,5,proportional,100.0,37.12,37.12,0.6829,2.125928,13.72,3.71,2.6e-05,SIMULATION
sensitivity_42_5_proportional_w_throughput_1.5_45,2026-09-01T11:49:23.529135,45,w_throughput,1.5,5,proportional,100.0,48.12,48.12,0.836,1.433989,11.81,3.44,2.5e-05,SIMULATION
sensitivity_42_5_proportional_w_throughput_1.5_46,2026-09-01T11:49:23.529219,46,w_throughput,1.5,5,proportional,100.0,51.37,51.37,0.7028,0.966066,20.44,3.0,2.6e-05,SIMULATION
sensitivity_42_5_priority_w_throughput_1.5_42,2026-09-01T11:49:23.529314,42,w_throughput,1.5,5,priority,100.0,100.0,100.0,0.9686,-5.239048,16.95,1.13,2.6e-05,SIMULATION
sensitivity_42_5_priority_w_throughput_1.5_43,2026-09-01T11:49:23.529405,43,w_throughput,1.5,5,priority,100.0,100.0,100.0,0.9278,-5.355637,8.54,4.48,2.6e-05,SIMULATION
sensitivity_42_5_priority_w_throughput_1.5_44,2026-09-01T11:49:23.529496,44,w_throughput,1.5,5,priority,100.0,100.0,100.0,0.9399,-5.242921,13.72,3.71,2.6e-05,SIMULATION
sensitivity_42_5_priority_w_throughput_1.5_45,2026-09-01T11:49:23.529600,45,w_throughput,1.5,5,priority,100.0,100.0,100.0,0.9565,-5.617571,11.81,3.44,3.9e-05,SIMULATION
sensitivity_42_5_priority_w_throughput_1.5_46,2026-09-01T11:49:23.529693,46,w_throughput,1.5,5,priority,100.0,100.0,100.0,0.9334,-5.616882,20.44,3.0,2.7e-05,SIMULATION
sensitivity_42_5_max_min_fairness_w_throughput_1.5_42,2026-09-01T11:49:23.529789,42,w_throughput,1.5,5,max_min_fairness,100.0,43.51,43.51,0.8536,1.846224,16.95,1.13,2.7e-05,SIMULATION
sensitivity_42_5_max_min_fairness_w_throughput_1.5_43,2026-09-01T11:49:23.529879,43,w_throughput,1.5,5,max_min_fairness,100.0,57.93,57.93,0.8118,0.63894,8.54,4.48,2.7e-05,SIMULATION
sensitivity_42_5_max_min_fairness_w_throughput_1.5_44,2026-09-01T11:49:23.529970,44,w_throughput,1.5,5,max_min_fairness,100.0,37.12,37.12,0.6829,2.125928,13.72,3.71,2.6e-05,SIMULATION
sensitivity_42_5_max_min_fairness_w_throughput_1.5_45,2026-09-01T11:49:23.530058,45,w_throughput,1.5,5,max_min_fairness,100.0,48.12,48.12,0.836,1.433989,11.81,3.44,2.6e-05,SIMULATION
sensitivity_42_5_max_min_fairness_w_throughput_1.5_46,2026-09-01T11:49:23.530148,46,w_throughput,1.5,5,max_min_fairness,100.0,51.37,51.37,0.7028,0.966066,20.44,3.0,2.6e-05,SIMULATION
sensitivity_42_5_alpha_fair_w_throughput_1.5_42,2026-09-01T11:49:23.530239,42,w_throughput,1.5,5,alpha_fair,100.0,43.51,43.51,0.8536,1.846224,16.95,1.13,2.7e-05,SIMULATION
sensitivity_42_5_alpha_fair_w_throughput_1.5_43,2026-09-01T11:49:23.530327,43,w_throughput,1.5,5,alpha_fair,100.0,57.93,57.93,0.8118,0.63894,8.54,4.48,2.7e-05,SIMULATION
sensitivity_42_5_alpha_fair_w_throughput_1.5_44,2026-09-01T11:49:23.530418,44,w_throughput,1.5,5,alpha_fair,100.0,37.12,37.12,0.6829,2.125928,13.72,3.71,2.8e-05,SIMULATION
sensitivity_42_5_alpha_fair_w_throughput_1.5_45,2026-09-01T11:49:23.530505,45,w_throughput,1.5,5,alpha_fair,100.0,48.12,48.12,0.836,1.433989,11.81,3.44,2.7e-05,SIMULATION
sensitivity_42_5_alpha_fair_w_throughput_1.5_46,2026-09-01T11:49:23.530620,46,w_throughput,1.5,5,alpha_fair,100.0,51.37,51.37,0.7028,0.966066,20.44,3.0,4.1e-05,SIMULATION
sensitivity_42_5_game_theory_w_throughput_1.5_42,2026-09-01T11:49:23.531106,42,w_throughput,1.5,5,game_theory,100.0,28.5,28.5,0.8938,2.44739,16.95,1.13,3.2e-05,SIMULATION
sensitivity_42_5_game_theory_w_throughput_1.5_43,2026-09-01T11:49:23.531598,43,w_throughput,1.5,5,game_theory,100.0,29.5,29.5,0.9603,2.448474,8.54,4.48,4.5e-05,SIMULATION
sensitivity_42_5_game_theory_w_throughput_1.5_44,2026-09-01T11:49:23.532001,44,w_throughput,1.5,5,game_theory,100.0,26.5,26.5,0.8577,2.504709,13.72,3.71,3.5e-05,SIMULATION
sensitivity_42_5_game_theory_w_throughput_1.5_45,2026-09-01T11:49:23.532513,45,w_throughput,1.5,5,game_theory,100.0,29.5,29.5,0.9932,2.487565,11.81,3.44,3.3e-05,SIMULATION
sensitivity_42_5_game_theory_w_throughput_1.5_46,2026-09-01T11:49:23.533074,46,w_throughput,1.5,5,game_theory,100.0,27.5,27.5,0.8806,2.279085,20.44,3.0,3.4e-05,SIMULATION
sensitivity_42_10_equal_w_throughput_1.5_42,2026-09-01T11:49:23.533197,42,w_throughput,1.5,10,equal,100.0,83.16,83.16,0.9016,0.209052,16.95,1.13,3.8e-05,SIMULATION
sensitivity_42_10_equal_w_throughput_1.5_43,2026-09-01T11:49:23.533315,43,w_throughput,1.5,10,equal,100.0,88.73,88.73,0.9512,-0.158082,8.54,4.48,3.7e-05,SIMULATION
sensitivity_42_10_equal_w_throughput_1.5_44,2026-09-01T11:49:23.533433,44,w_throughput,1.5,10,equal,100.0,80.28,80.28,0.8952,0.403073,13.72,3.71,3.7e-05,SIMULATION
sensitivity_42_10_equal_w_throughput_1.5_45,2026-09-01T11:49:23.533550,45,w_throughput,1.5,10,equal,100.0,78.39,78.39,0.9246,0.53764,11.81,3.44,3.6e-05,SIMULATION
sensitivity_42_10_equal_w_throughput_1.5_46,2026-09-01T11:49:23.533680,46,w_throughput,1.5,10,equal,100.0,81.37,81.37,0.9003,0.057443,20.44,3.0,3.7e-05,SIMULATION
sensitivity_42_10_proportional_w_throughput_1.5_42,2026-09-01T11:49:23.533801,42,w_throughput,1.5,10,proportional,100.0,100.0,100.0,0.7951,-1.187343,16.95,1.13,3.7e-05,SIMULATION
sensitivity_42_10_proportional_w_throughput_1.5_43,2026-09-01T11:49:23.533920,43,w_throughput,1.5,10,proportional,100.0,100.0,100.0,0.8273,-1.155213,8.54,4.48,3.7e-05,SIMULATION
sensitivity_42_10_proportional_w_throughput_1.5_44,2026-09-01T11:49:23.534039,44,w_throughput,1.5,10,proportional,100.0,100.0,100.0,0.7675,-1.259875,13.72,3.71,3.7e-05,SIMULATION
sensitivity_42_10_proportional_w_throughput_1.5_45,2026-09-01T11:49:23.534157,45,w_throughput,1.5,10,proportional,100.0,94.6,94.6,0.8119,-0.785792,11.81,3.44,3.7e-05,SIMULATION
sensitivity_42_10_proportional_w_throughput_1.5_46,2026-09-01T11:49:23.534277,46,w_throughput,1.5,10,proportional,100.0,100.0,100.0,0.794,-1.508172,20.44,3.0,3.7e-05,SIMULATION
sensitivity_42_10_priority_w_throughput_1.5_42,2026-09-01T11:49:23.534415,42,w_throughput,1.5,10,priority,100.0,100.0,100.0,0.9234,-1.068606,16.95,1.13,3.9e-05,SIMULATION
sensitivity_42_10_priority_w_throughput_1.5_43,2026-09-01T11:49:23.534550,43,w_throughput,1.5,10,priority,100.0,100.0,100.0,0.9052,-1.136062,8.54,4.48,4.2e-05,SIMULATION
sensitivity_42_10_priority_w_throughput_1.5_44,2026-09-01T11:49:23.534681,44,w_throughput,1.5,10,priority,100.0,100.0,100.0,0.9054,-1.137188,13.72,3.71,3.7e-05,SIMULATION
sensitivity_42_10_priority_w_throughput_1.5_45,2026-09-01T11:49:23.534812,45,w_throughput,1.5,10,priority,100.0,100.0,100.0,0.9246,-1.121295,11.81,3.44,3.8e-05,SIMULATION
sensitivity_42_10_priority_w_throughput_1.5_46,2026-09-01T11:49:23.534941,46,w_throughput,1.5,10,priority,100.0,100.0,100.0,0.8868,-1.475543,20.44,3.0,3.7e-05,SIMULATION
sensitivity_42_10_max_min_fairness_w_throughput_1.5_42,2026-09-01T11:49:23.535074,42,w_throughput,1.5,10,max_min_fairness,100.0,100.0,100.0,0.8673,-1.127692,16.95,1.13,3.8e-05,SIMULATION
sensitivity_42_10_max_min_fairness_w_throughput_1.5_43,2026-09-01T11:49:23.535254,43,w_throughput,1.5,10,max_min_fairness,100.0,100.0,100.0,0.9335,-1.088513,8.54,4.48,3.8e-05,SIMULATION
sensitivity_42_10_max_min_fairness_w_throughput_1.5_44,2026-09-01T11:49:23.535385,44,w_throughput,1.5,10,max_min_fairness,100.0,100.0,100.0,0.8408,-1.195637,13.72,3.71,3.7e-05,SIMULATION
sensitivity_42_10_max_min_fairness_w_throughput_1.5_45,2026-09-01T11:49:23.535516,45,w_throughput,1.5,10,max_min_fairness,100.0,94.6,94.6,0.8119,-0.785792,11.81,3.44,3.8e-05,SIMULATION
sensitivity_42_10_max_min_fairness_w_throughput_1.5_46,2026-09-01T11:49:23.535675,46,w_throughput,1.5,10,max_min_fairness,100.0,100.0,100.0,0.8247,-1.502217,20.44,3.0,6.6e-05,SIMULATION
sensitivity_42_10_alpha_fair_w_throughput_1.5_42,2026-09-01T11:49:23.535802,42,w_throughput,1.5,10,alpha_fair,100.0,100.0,100.0,0.7951,-1.187343,16.95,1.13,3.9e-05,SIMULATION
sensitivity_42_10_alpha_fair_w_throughput_1.5_43,2026-09-01T11:49:23.535925,43,w_throughput,1.5,10,alpha_fair,100.0,100.0,100.0,0.8273,-1.155213,8.54,4.48,3.8e-05,SIMULATION
sensitivity_42_10_alpha_fair_w_throughput_1.5_44,2026-09-01T11:49:23.536050,44,w_throughput,1.5,10,alpha_fair,100.0,100.0,100.0,0.7675,-1.259875,13.72,3.71,3.7e-05,SIMULATION
sensitivity_42_10_alpha_fair_w_throughput_1.5_45,2026-09-01T11:49:23.536171,45,w_throughput,1.5,10,alpha_fair,100.0,94.6,94.6,0.8119,-0.785792,11.81,3.44,3.8e-05,SIMULATION
sensitivity_42_10_alpha_fair_w_throughput_1.5_46,2026-09-01T11:49:23.536293,46,w_throughput,1.5,10,alpha_fair,100.0,100.0,100.0,0.794,-1.508172,20.44,3.0,3.7e-05,SIMULATION
sensitivity_42_10_game_theory_w_throughput_1.5_42,2026-09-01T11:49:23.537469,42,w_throughput,1.5,10,game_theory,100.0,41.5,41.5,0.9528,1.944764,16.95,1.13,4.3e-05,SIMULATION
sensitivity_42_10_game_theory_w_throughput_1.5_43,2026-09-01T11:49:23.539014,43,w_throughput,1.5,10,game_theory,100.0,42.5,42.5,0.9724,1.945505,8.54,4.48,4.2e-05,SIMULATION
sensitivity_42_10_game_theory_w_throughput_1.5_44,2026-09-01T11:49:23.540831,44,w_throughput,1.5,10,game_theory,100.0,43.0,43.0,0.9556,2.006286,13.72,3.71,0.000157,SIMULATION
sensitivity_42_10_game_theory_w_throughput_1.5_45,2026-09-01T11:49:23.542163,45,w_throughput,1.5,10,game_theory,100.0,44.0,44.0,0.9803,1.989887,11.81,3.44,7.5e-05,SIMULATION
sensitivity_42_10_game_theory_w_throughput_1.5_46,2026-09-01T11:49:23.543205,46,w_throughput,1.5,10,game_theory,100.0,42.0,42.0,0.9383,1.822091,20.44,3.0,5.1e-05,SIMULATION
sensitivity_42_20_equal_w_throughput_1.5_42,2026-09-01T11:49:23.543370,42,w_throughput,1.5,20,equal,100.0,95.95,95.95,0.9817,0.746508,16.95,1.13,5.1e-05,SIMULATION
sensitivity_42_20_equal_w_throughput_1.5_43,2026-09-01T11:49:23.543522,43,w_throughput,1.5,20,equal,100.0,97.57,97.57,0.9934,0.688814,8.54,4.48,4.8e-05,SIMULATION
sensitivity_42_20_equal_w_throughput_1.5_44,2026-09-01T11:49:23.543682,44,w_throughput,1.5,20,equal,100.0,95.37,95.37,0.9848,0.787854,13.72,3.71,4.6e-05,SIMULATION
sensitivity_42_20_equal_w_throughput_1.5_45,2026-09-01T11:49:23.543825,45,w_throughput,1.5,20,equal,100.0,95.25,95.25,0.9772,0.763272,11.81,3.44,4.6e-05,SIMULATION
sensitivity_42_20_equal_w_throughput_1.5_46,2026-09-01T11:49:23.543967,46,w_throughput,1.5,20,equal,100.0,97.24,97.24,0.9849,0.580466,20.44,3.0,4.6e-05,SIMULATION
sensitivity_42_20_proportional_w_throughput_1.5_42,2026-09-01T11:49:23.544114,42,w_throughput,1.5,20,proportional,100.0,100.0,100.0,0.8473,0.520809,16.95,1.13,4.6e-05,SIMULATION
sensitivity_42_20_proportional_w_throughput_1.5_43,2026-09-01T11:49:23.544257,43,w_throughput,1.5,20,proportional,100.0,100.0,100.0,0.7922,0.488343,8.54,4.48,4.5e-05,SIMULATION
sensitivity_42_20_proportional_w_throughput_1.5_44,2026-09-01T11:49:23.544400,44,w_throughput,1.5,20,proportional,100.0,100.0,100.0,0.764,0.466061,13.72,3.71,4.5e-05,SIMULATION
sensitivity_42_20_proportional_w_throughput_1.5_45,2026-09-01T11:49:23.544547,45,w_throughput,1.5,20,proportional,100.0,100.0,100.0,0.7559,0.424832,11.81,3.44,4.9e-05,SIMULATION
sensitivity_42_20_proportional_w_throughput_1.5_46,2026-09-01T11:49:23.544707,46,w_throughput,1.5,20,proportional,100.0,100.0,100.0,0.8103,0.38611,20.44,3.0,4.7e-05,SIMULATION
sensitivity_42_20_priority_w_throughput_1.5_42,2026-09-01T11:49:23.544872,42,w_throughput,1.5,20,priority,100.0,100.0,100.0,0.9337,0.573716,16.95,1.13,4.8e-05,SIMULATION
sensitivity_42_20_priority_w_throughput_1.5_43,2026-09-01T11:49:23.545033,43,w_throughput,1.5,20,priority,100.0,100.0,100.0,0.9344,0.58655,8.54,4.48,4.7e-05,SIMULATION
sensitivity_42_20_priority_w_throughput_1.5_44,2026-09-01T11:49:23.545195,44,w_throughput,1.5,20,priority,100.0,100.0,100.0,0.9439,0.59176,13.72,3.71,4.7e-05,SIMULATION
sensitivity_42_20_priority_w_throughput_1.5_45,2026-09-01T11:49:23.545356,45,w_throughput,1.5,20,priority,100.0,100.0,100.0,0.9366,0.559915,11.81,3.44,4.8e-05,SIMULATION
sensitivity_42_20_priority_w_throughput_1.5_46,2026-09-01T11:49:23.545518,46,w_throughput,1.5,20,priority,100.0,100.0,100.0,0.9266,0.442504,20.44,3.0,4.7e-05,SIMULATION
sensitivity_42_20_max_min_fairness_w_throughput_1.5_42,2026-09-01T11:49:23.545711,42,w_throughput,1.5,20,max_min_fairness,100.0,100.0,100.0,0.9798,0.601503,16.95,1.13,4.8e-05,SIMULATION
sensitivity_42_20_max_min_fairness_w_throughput_1.5_43,2026-09-01T11:49:23.545879,43,w_throughput,1.5,20,max_min_fairness,100.0,100.0,100.0,0.9924,0.601715,8.54,4.48,4.8e-05,SIMULATION
sensitivity_42_20_max_min_fairness_w_throughput_1.5_44,2026-09-01T11:49:23.546042,44,w_throughput,1.5,20,max_min_fairness,100.0,100.0,100.0,0.9817,0.621623,13.72,3.71,4.8e-05,SIMULATION
sensitivity_42_20_max_min_fairness_w_throughput_1.5_45,2026-09-01T11:49:23.546204,45,w_throughput,1.5,20,max_min_fairness,100.0,100.0,100.0,0.9748,0.591941,11.81,3.44,4.9e-05,SIMULATION
sensitivity_42_20_max_min_fairness_w_throughput_1.5_46,2026-09-01T11:49:23.546369,46,w_throughput,1.5,20,max_min_fairness,100.0,100.0,100.0,0.9842,0.478087,20.44,3.0,4.8e-05,SIMULATION
sensitivity_42_20_alpha_fair_w_throughput_1.5_42,2026-09-01T11:49:23.546528,42,w_throughput,1.5,20,alpha_fair,100.0,100.0,100.0,0.8473,0.520809,16.95,1.13,4.9e-05,SIMULATION
sensitivity_42_20_alpha_fair_w_throughput_1.5_43,2026-09-01T11:49:23.546705,43,w_throughput,1.5,20,alpha_fair,100.0,100.0,100.0,0.7922,0.488343,8.54,4.48,5e-05,SIMULATION
sensitivity_42_20_alpha_fair_w_throughput_1.5_44,2026-09-01T11:49:23.546864,44,w_throughput,1.5,20,alpha_fair,100.0,100.0,100.0,0.764,0.466061,13.72,3.71,5e-05,SIMULATION
sensitivity_42_20_alpha_fair_w_throughput_1.5_45,2026-09-01T11:49:23.547022,45,w_throughput,1.5,20,alpha_fair,100.0,100.0,100.0,0.7559,0.424832,11.81,3.44,5e-05,SIMULATION
sensitivity_42_20_alpha_fair_w_throughput_1.5_46,2026-09-01T11:49:23.547179,46,w_throughput,1.5,20,alpha_fair,100.0,100.0,100.0,0.8103,0.38611,20.44,3.0,4.9e-05,SIMULATION
sensitivity_42_20_game_theory_w_throughput_1.5_42,2026-09-01T11:49:23.549788,42,w_throughput,1.5,20,game_theory,100.0,59.5,59.5,0.9581,1.554013,16.95,1.13,5.9e-05,SIMULATION
sensitivity_42_20_game_theory_w_throughput_1.5_43,2026-09-01T11:49:23.552122,43,w_throughput,1.5,20,game_theory,100.0,59.5,59.5,0.9555,1.548943,8.54,4.48,5.8e-05,SIMULATION
sensitivity_42_20_game_theory_w_throughput_1.5_44,2026-09-01T11:49:23.554420,44,w_throughput,1.5,20,game_theory,100.0,59.5,59.5,0.9555,1.578187,13.72,3.71,5.7e-05,SIMULATION
sensitivity_42_20_game_theory_w_throughput_1.5_45,2026-09-01T11:49:23.557375,45,w_throughput,1.5,20,game_theory,100.0,59.5,59.5,0.9713,1.561735,11.81,3.44,0.000117,SIMULATION
sensitivity_42_20_game_theory_w_throughput_1.5_46,2026-09-01T11:49:23.560633,46,w_throughput,1.5,20,game_theory,100.0,59.5,59.5,0.9607,1.470695,20.44,3.0,0.0001,SIMULATION
sensitivity_42_30_equal_w_throughput_1.5_42,2026-09-01T11:49:23.560852,42,w_throughput,1.5,30,equal,100.0,97.9033,97.9033,0.9936,0.927356,16.95,1.13,6.7e-05,SIMULATION
sensitivity_42_30_equal_w_throughput_1.5_43,2026-09-01T11:49:23.561052,43,w_throughput,1.5,30,equal,100.0,99.3633,99.3633,0.999,0.874193,8.54,4.48,6.4e-05,SIMULATION
sensitivity_42_30_equal_w_throughput_1.5_44,2026-09-01T11:49:23.561257,44,w_throughput,1.5,30,equal,100.0,99.4667,99.4667,0.9992,0.930934,13.72,3.71,6.4e-05,SIMULATION
sensitivity_42_30_equal_w_throughput_1.5_45,2026-09-01T11:49:23.561453,45,w_throughput,1.5,30,equal,100.0,98.5833,98.5833,0.9958,0.939154,11.81,3.44,6.4e-05,SIMULATION
sensitivity_42_30_equal_w_throughput_1.5_46,2026-09-01T11:49:23.561661,46,w_throughput,1.5,30,equal,100.0,98.9067,98.9067,0.9965,0.857423,20.44,3.0,7.8e-05,SIMULATION
sensitivity_42_30_proportional_w_throughput_1.5_42,2026-09-01T11:49:23.561864,42,w_throughput,1.5,30,proportional,100.0,100.0,100.0,0.8041,0.790883,16.95,1.13,6.6e-05,SIMULATION
sensitivity_42_30_proportional_w_throughput_1.5_43,2026-09-01T11:49:23.562093,43,w_throughput,1.5,30,proportional,100.0,100.0,100.0,0.8005,0.773584,8.54,4.48,9.1e-05,SIMULATION
sensitivity_42_30_proportional_w_throughput_1.5_44,2026-09-01T11:49:23.562297,44,w_throughput,1.5,30,proportional,100.0,100.0,100.0,0.7492,0.783635,13.72,3.71,6.5e-05,SIMULATION
sensitivity_42_30_proportional_w_throughput_1.5_45,2026-09-01T11:49:23.562499,45,w_throughput,1.5,30,proportional,100.0,100.0,100.0,0.7845,0.778972,11.81,3.44,6.6e-05,SIMULATION
sensitivity_42_30_proportional_w_throughput_1.5_46,2026-09-01T11:49:23.562725,46,w_throughput,1.5,30,proportional,100.0,100.0,100.0,0.834,0.750443,20.44,3.0,6.8e-05,SIMULATION
sensitivity_42_30_priority_w_throughput_1.5_42,2026-09-01T11:49:23.562960,42,w_throughput,1.5,30,priority,100.0,100.0,100.0,0.9351,0.864418,16.95,1.13,6.8e-05,SIMULATION
sensitivity_42_30_priority_w_throughput_1.5_43,2026-09-01T11:49:23.563187,43,w_throughput,1.5,30,priority,100.0,100.0,100.0,0.9312,0.853533,8.54,4.48,6.8e-05,SIMULATION
sensitivity_42_30_priority_w_throughput_1.5_44,2026-09-01T11:49:23.563419,44,w_throughput,1.5,30,priority,100.0,100.0,100.0,0.9408,0.90057,13.72,3.71,6.9e-05,SIMULATION
sensitivity_42_30_priority_w_throughput_1.5_45,2026-09-01T11:49:23.563649,45,w_throughput,1.5,30,priority,100.0,100.0,100.0,0.9403,0.885321,11.81,3.44,6.8e-05,SIMULATION
sensitivity_42_30_priority_w_throughput_1.5_46,2026-09-01T11:49:23.563879,46,w_throughput,1.5,30,priority,100.0,100.0,100.0,0.9376,0.804582,20.44,3.0,6.8e-05,SIMULATION
sensitivity_42_30_max_min_fairness_w_throughput_1.5_42,2026-09-01T11:49:23.564109,42,w_throughput,1.5,30,max_min_fairness,100.0,100.0,100.0,0.9929,0.884672,16.95,1.13,6.8e-05,SIMULATION
sensitivity_42_30_max_min_fairness_w_throughput_1.5_43,2026-09-01T11:49:23.564336,43,w_throughput,1.5,30,max_min_fairness,100.0,100.0,100.0,0.9989,0.861153,8.54,4.48,6.8e-05,SIMULATION
sensitivity_42_30_max_min_fairness_w_throughput_1.5_44,2026-09-01T11:49:23.564567,44,w_throughput,1.5,30,max_min_fairness,100.0,100.0,100.0,0.9991,0.919989,13.72,3.71,6.8e-05,SIMULATION
sensitivity_42_30_max_min_fairness_w_throughput_1.5_45,2026-09-01T11:49:23.564795,45,w_throughput,1.5,30,max_min_fairness,100.0,100.0,100.0,0.9956,0.910271,11.81,3.44,6.8e-05,SIMULATION
sensitivity_42_30_max_min_fairness_w_throughput_1.5_46,2026-09-01T11:49:23.565023,46,w_throughput,1.5,30,max_min_fairness,100.0,100.0,100.0,0.9963,0.83434,20.44,3.0,6.8e-05,SIMULATION
sensitivity_42_30_alpha_fair_w_throughput_1.5_42,2026-09-01T11:49:23.565238,42,w_throughput,1.5,30,alpha_fair,100.0,100.0,100.0,0.8041,0.790883,16.95,1.13,6.8e-05,SIMULATION
sensitivity_42_30_alpha_fair_w_throughput_1.5_43,2026-09-01T11:49:23.565449,43,w_throughput,1.5,30,alpha_fair,100.0,100.0,100.0,0.8005,0.773584,8.54,4.48,6.8e-05,SIMULATION
sensitivity_42_30_alpha_fair_w_throughput_1.5_44,2026-09-01T11:49:23.565661,44,w_throughput,1.5,30,alpha_fair,100.0,100.0,100.0,0.7492,0.783635,13.72,3.71,6.7e-05,SIMULATION
sensitivity_42_30_alpha_fair_w_throughput_1.5_45,2026-09-01T11:49:23.565873,45,w_throughput,1.5,30,alpha_fair,100.0,100.0,100.0,0.7845,0.778972,11.81,3.44,6.7e-05,SIMULATION
sensitivity_42_30_alpha_fair_w_throughput_1.5_46,2026-09-01T11:49:23.566084,46,w_throughput,1.5,30,alpha_fair,100.0,100.0,100.0,0.834,0.750443,20.44,3.0,6.8e-05,SIMULATION
sensitivity_42_30_game_theory_w_throughput_1.5_42,2026-09-01T11:49:23.570096,42,w_throughput,1.5,30,game_theory,100.0,71.0,71.0,0.9547,1.298343,16.95,1.13,6.7e-05,SIMULATION
sensitivity_42_30_game_theory_w_throughput_1.5_43,2026-09-01T11:49:23.575227,43,w_throughput,1.5,30,game_theory,100.0,71.0,71.0,0.9575,1.27997,8.54,4.48,0.00018,SIMULATION
sensitivity_42_30_game_theory_w_throughput_1.5_44,2026-09-01T11:49:23.581370,44,w_throughput,1.5,30,game_theory,100.0,72.0,72.0,0.9417,1.322981,13.72,3.71,0.000179,SIMULATION
sensitivity_42_30_game_theory_w_throughput_1.5_45,2026-09-01T11:49:23.585680,45,w_throughput,1.5,30,game_theory,100.0,71.5,71.5,0.9507,1.316722,11.81,3.44,0.000105,SIMULATION
sensitivity_42_30_game_theory_w_throughput_1.5_46,2026-09-01T11:49:23.591095,46,w_throughput,1.5,30,game_theory,100.0,71.0,71.0,0.9547,1.260146,20.44,3.0,0.000111,SIMULATION
sensitivity_42_50_equal_w_throughput_1.5_42,2026-09-01T11:49:23.591402,42,w_throughput,1.5,50,equal,100.0,100.0,100.0,1.0,0.963995,16.95,1.13,9.6e-05,SIMULATION
sensitivity_42_50_equal_w_throughput_1.5_43,2026-09-01T11:49:23.591712,43,w_throughput,1.5,50,equal,100.0,100.0,100.0,1.0,0.88631,8.54,4.48,9.8e-05,SIMULATION
sensitivity_42_50_equal_w_throughput_1.5_44,2026-09-01T11:49:23.591993,44,w_throughput,1.5,50,equal,100.0,100.0,100.0,1.0,0.942257,13.72,3.71,8.7e-05,SIMULATION
sensitivity_42_50_equal_w_throughput_1.5_45,2026-09-01T11:49:23.592244,45,w_throughput,1.5,50,equal,100.0,100.0,100.0,1.0,0.936021,11.81,3.44,8.3e-05,SIMULATION
sensitivity_42_50_equal_w_throughput_1.5_46,2026-09-01T11:49:23.592494,46,w_throughput,1.5,50,equal,100.0,100.0,100.0,1.0,0.930359,20.44,3.0,8.7e-05,SIMULATION
sensitivity_42_50_proportional_w_throughput_1.5_42,2026-09-01T11:49:23.592764,42,w_throughput,1.5,50,proportional,100.0,100.0,100.0,0.821,0.895592,16.95,1.13,8.5e-05,SIMULATION
sensitivity_42_50_proportional_w_throughput_1.5_43,2026-09-01T11:49:23.593021,43,w_throughput,1.5,50,proportional,100.0,100.0,100.0,0.7826,0.818118,8.54,4.48,8.5e-05,SIMULATION
sensitivity_42_50_proportional_w_throughput_1.5_44,2026-09-01T11:49:23.593277,44,w_throughput,1.5,50,proportional,100.0,100.0,100.0,0.7759,0.858346,13.72,3.71,8.4e-05,SIMULATION
sensitivity_42_50_proportional_w_throughput_1.5_45,2026-09-01T11:49:23.593532,45,w_throughput,1.5,50,proportional,100.0,100.0,100.0,0.7633,0.819918,11.81,3.44,8.4e-05,SIMULATION
sensitivity_42_50_proportional_w_throughput_1.5_46,2026-09-01T11:49:23.593806,46,w_throughput,1.5,50,proportional,100.0,100.0,100.0,0.8102,0.862402,20.44,3.0,8.7e-05,SIMULATION
sensitivity_42_50_priority_w_throughput_1.5_42,2026-09-01T11:49:23.594103,42,w_throughput,1.5,50,priority,100.0,100.0,100.0,0.9409,0.960623,16.95,1.13,8.7e-05,SIMULATION
sensitivity_42_50_priority_w_throughput_1.5_43,2026-09-01T11:49:23.594398,43,w_throughput,1.5,50,priority,100.0,100.0,100.0,0.9282,0.887115,8.54,4.48,8.8e-05,SIMULATION
sensitivity_42_50_priority_w_throughput_1.5_44,2026-09-01T11:49:23.594716,44,w_throughput,1.5,50,priority,100.0,100.0,100.0,0.9362,0.938156,13.72,3.71,9e-05,SIMULATION
sensitivity_42_50_priority_w_throughput_1.5_45,2026-09-01T11:49:23.595014,45,w_throughput,1.5,50,priority,100.0,100.0,100.0,0.9369,0.928121,11.81,3.44,9e-05,SIMULATION
sensitivity_42_50_priority_w_throughput_1.5_46,2026-09-01T11:49:23.595310,46,w_throughput,1.5,50,priority,100.0,100.0,100.0,0.9385,0.923218,20.44,3.0,8.9e-05,SIMULATION
sensitivity_42_50_max_min_fairness_w_throughput_1.5_42,2026-09-01T11:49:23.595594,42,w_throughput,1.5,50,max_min_fairness,100.0,100.0,100.0,1.0,0.963995,16.95,1.13,9e-05,SIMULATION
sensitivity_42_50_max_min_fairness_w_throughput_1.5_43,2026-09-01T11:49:23.595901,43,w_throughput,1.5,50,max_min_fairness,100.0,100.0,100.0,1.0,0.88631,8.54,4.48,9.2e-05,SIMULATION
sensitivity_42_50_max_min_fairness_w_throughput_1.5_44,2026-09-01T11:49:23.596192,44,w_throughput,1.5,50,max_min_fairness,100.0,100.0,100.0,1.0,0.942257,13.72,3.71,9.2e-05,SIMULATION
sensitivity_42_50_max_min_fairness_w_throughput_1.5_45,2026-09-01T11:49:23.596484,45,w_throughput,1.5,50,max_min_fairness,100.0,100.0,100.0,1.0,0.936021,11.81,3.44,9.5e-05,SIMULATION
sensitivity_42_50_max_min_fairness_w_throughput_1.5_46,2026-09-01T11:49:23.596790,46,w_throughput,1.5,50,max_min_fairness,100.0,100.0,100.0,1.0,0.930359,20.44,3.0,9.4e-05,SIMULATION
sensitivity_42_50_alpha_fair_w_throughput_1.5_42,2026-09-01T11:49:23.597084,42,w_throughput,1.5,50,alpha_fair,100.0,100.0,100.0,0.821,0.895592,16.95,1.13,9.5e-05,SIMULATION
sensitivity_42_50_alpha_fair_w_throughput_1.5_43,2026-09-01T11:49:23.597376,43,w_throughput,1.5,50,alpha_fair,100.0,100.0,100.0,0.7826,0.818118,8.54,4.48,9.5e-05,SIMULATION
sensitivity_42_50_alpha_fair_w_throughput_1.5_44,2026-09-01T11:49:23.597682,44,w_throughput,1.5,50,alpha_fair,100.0,100.0,100.0,0.7759,0.858346,13.72,3.71,0.000111,SIMULATION
sensitivity_42_50_alpha_fair_w_throughput_1.5_45,2026-09-01T11:49:23.597986,45,w_throughput,1.5,50,alpha_fair,100.0,100.0,100.0,0.7633,0.819918,11.81,3.44,9.8e-05,SIMULATION
sensitivity_42_50_alpha_fair_w_throughput_1.5_46,2026-09-01T11:49:23.598281,46,w_throughput,1.5,50,alpha_fair,100.0,100.0,100.0,0.8102,0.862402,20.44,3.0,9.7e-05,SIMULATION
sensitivity_42_50_game_theory_w_throughput_1.5_42,2026-09-01T11:49:23.608459,42,w_throughput,1.5,50,game_theory,100.0,89.0,89.0,0.9264,1.045599,16.95,1.13,0.000147,SIMULATION
sensitivity_42_50_game_theory_w_throughput_1.5_43,2026-09-01T11:49:23.616119,43,w_throughput,1.5,50,game_theory,100.0,88.0,88.0,0.956,0.983184,8.54,4.48,0.000116,SIMULATION
sensitivity_42_50_game_theory_w_throughput_1.5_44,2026-09-01T11:49:23.624770,44,w_throughput,1.5,50,game_theory,100.0,88.0,88.0,0.9192,1.030646,13.72,3.71,0.000165,SIMULATION
sensitivity_42_50_game_theory_w_throughput_1.5_45,2026-09-01T11:49:23.632299,45,w_throughput,1.5,50,game_theory,100.0,88.0,88.0,0.9387,1.023646,11.81,3.44,0.000127,SIMULATION
sensitivity_42_50_game_theory_w_throughput_1.5_46,2026-09-01T11:49:23.640394,46,w_throughput,1.5,50,game_theory,100.0,89.5,89.5,0.9168,1.009129,20.44,3.0,0.000195,SIMULATION
sensitivity_42_100_equal_w_throughput_1.5_42,2026-09-01T11:49:23.640958,42,w_throughput,1.5,100,equal,100.0,100.0,100.0,1.0,0.751512,16.95,1.13,0.000187,SIMULATION
sensitivity_42_100_equal_w_throughput_1.5_43,2026-09-01T11:49:23.641497,43,w_throughput,1.5,100,equal,100.0,100.0,100.0,1.0,0.735393,8.54,4.48,0.000171,SIMULATION
sensitivity_42_100_equal_w_throughput_1.5_44,2026-09-01T11:49:23.641992,44,w_throughput,1.5,100,equal,100.0,100.0,100.0,1.0,0.760529,13.72,3.71,0.000169,SIMULATION
sensitivity_42_100_equal_w_throughput_1.5_45,2026-09-01T11:49:23.642458,45,w_throughput,1.5,100,equal,100.0,100.0,100.0,1.0,0.760878,11.81,3.44,0.000145,SIMULATION
sensitivity_42_100_equal_w_throughput_1.5_46,2026-09-01T11:49:23.642872,46,w_throughput,1.5,100,equal,100.0,100.0,100.0,1.0,0.716527,20.44,3.0,0.000139,SIMULATION
sensitivity_42_100_proportional_w_throughput_1.5_42,2026-09-01T11:49:23.643303,42,w_throughput,1.5,100,proportional,100.0,100.0,100.0,0.7987,0.705926,16.95,1.13,0.000144,SIMULATION
sensitivity_42_100_proportional_w_throughput_1.5_43,2026-09-01T11:49:23.643766,43,w_throughput,1.5,100,proportional,100.0,100.0,100.0,0.7804,0.694246,8.54,4.48,0.000179,SIMULATION
sensitivity_42_100_proportional_w_throughput_1.5_44,2026-09-01T11:49:23.644227,44,w_throughput,1.5,100,proportional,100.0,100.0,100.0,0.774,0.714165,13.72,3.71,0.000155,SIMULATION
sensitivity_42_100_proportional_w_throughput_1.5_45,2026-09-01T11:49:23.644686,45,w_throughput,1.5,100,proportional,100.0,100.0,100.0,0.8017,0.71005,11.81,3.44,0.000154,SIMULATION
sensitivity_42_100_proportional_w_throughput_1.5_46,2026-09-01T11:49:23.645143,46,w_throughput,1.5,100,proportional,100.0,100.0,100.0,0.7808,0.673437,20.44,3.0,0.000154,SIMULATION
sensitivity_42_100_priority_w_throughput_1.5_42,2026-09-01T11:49:23.645658,42,w_throughput,1.5,100,priority,100.0,100.0,100.0,0.9405,0.759046,16.95,1.13,0.000155,SIMULATION
sensitivity_42_100_priority_w_throughput_1.5_43,2026-09-01T11:49:23.646184,43,w_throughput,1.5,100,priority,100.0,100.0,100.0,0.9364,0.745373,8.54,4.48,0.000152,SIMULATION
sensitivity_42_100_priority_w_throughput_1.5_44,2026-09-01T11:49:23.646685,44,w_throughput,1.5,100,priority,100.0,100.0,100.0,0.9417,0.766736,13.72,3.71,0.000152,SIMULATION
sensitivity_42_100_priority_w_throughput_1.5_45,2026-09-01T11:49:23.647193,45,w_throughput,1.5,100,priority,100.0,100.0,100.0,0.9458,0.764094,11.81,3.44,0.000152,SIMULATION
sensitivity_42_100_priority_w_throughput_1.5_46,2026-09-01T11:49:23.647696,46,w_throughput,1.5,100,priority,100.0,100.0,100.0,0.9349,0.720819,20.44,3.0,0.000152,SIMULATION
sensitivity_42_100_max_min_fairness_w_throughput_1.5_42,2026-09-01T11:49:23.648163,42,w_throughput,1.5,100,max_min_fairness,100.0,100.0,100.0,1.0,0.751512,16.95,1.13,0.000147,SIMULATION
sensitivity_42_100_max_min_fairness_w_throughput_1.5_43,2026-09-01T11:49:23.648624,43,w_throughput,1.5,100,max_min_fairness,100.0,100.0,100.0,1.0,0.735393,8.54,4.48,0.000146,SIMULATION
sensitivity_42_100_max_min_fairness_w_throughput_1.5_44,2026-09-01T11:49:23.649084,44,w_throughput,1.5,100,max_min_fairness,100.0,100.0,100.0,1.0,0.760529,13.72,3.71,0.000146,SIMULATION
sensitivity_42_100_max_min_fairness_w_throughput_1.5_45,2026-09-01T11:49:23.649544,45,w_throughput,1.5,100,max_min_fairness,100.0,100.0,100.0,1.0,0.760878,11.81,3.44,0.000146,SIMULATION
sensitivity_42_100_max_min_fairness_w_throughput_1.5_46,2026-09-01T11:49:23.650006,46,w_throughput,1.5,100,max_min_fairness,100.0,100.0,100.0,1.0,0.716527,20.44,3.0,0.000147,SIMULATION
sensitivity_42_100_alpha_fair_w_throughput_1.5_42,2026-09-01T11:49:23.650460,42,w_throughput,1.5,100,alpha_fair,100.0,100.0,100.0,0.7987,0.705926,16.95,1.13,0.000151,SIMULATION
sensitivity_42_100_alpha_fair_w_throughput_1.5_43,2026-09-01T11:49:23.650969,43,w_throughput,1.5,100,alpha_fair,100.0,100.0,100.0,0.7804,0.694246,8.54,4.48,0.000172,SIMULATION
sensitivity_42_100_alpha_fair_w_throughput_1.5_44,2026-09-01T11:49:23.651431,44,w_throughput,1.5,100,alpha_fair,100.0,100.0,100.0,0.774,0.714165,13.72,3.71,0.000152,SIMULATION
sensitivity_42_100_alpha_fair_w_throughput_1.5_45,2026-09-01T11:49:23.651898,45,w_throughput,1.5,100,alpha_fair,100.0,100.0,100.0,0.8017,0.71005,11.81,3.44,0.000158,SIMULATION
sensitivity_42_100_alpha_fair_w_throughput_1.5_46,2026-09-01T11:49:23.652390,46,w_throughput,1.5,100,alpha_fair,100.0,100.0,100.0,0.7808,0.673437,20.44,3.0,0.000155,SIMULATION
sensitivity_42_100_game_theory_w_throughput_1.5_42,2026-09-01T11:49:23.667094,42,w_throughput,1.5,100,game_theory,100.0,100.0,100.0,0.6231,0.608415,16.95,1.13,0.000896,SIMULATION
sensitivity_42_100_game_theory_w_throughput_1.5_43,2026-09-01T11:49:23.682540,43,w_throughput,1.5,100,game_theory,100.0,100.0,100.0,0.6494,0.608186,8.54,4.48,0.000197,SIMULATION
sensitivity_42_100_game_theory_w_throughput_1.5_44,2026-09-01T11:49:23.697691,44,w_throughput,1.5,100,game_theory,100.0,100.0,100.0,0.6079,0.605435,13.72,3.71,0.000209,SIMULATION
sensitivity_42_100_game_theory_w_throughput_1.5_45,2026-09-01T11:49:23.714136,45,w_throughput,1.5,100,game_theory,100.0,100.0,100.0,0.625,0.614766,11.81,3.44,0.000184,SIMULATION
sensitivity_42_100_game_theory_w_throughput_1.5_46,2026-09-01T11:49:23.728977,46,w_throughput,1.5,100,game_theory,100.0,100.0,100.0,0.641,0.584886,20.44,3.0,0.000173,SIMULATION
sensitivity_42_200_equal_w_throughput_1.5_42,2026-09-01T11:49:23.729843,42,w_throughput,1.5,200,equal,100.0,100.0,100.0,1.0,0.486092,16.95,1.13,0.000307,SIMULATION
sensitivity_42_200_equal_w_throughput_1.5_43,2026-09-01T11:49:23.730697,43,w_throughput,1.5,200,equal,100.0,100.0,100.0,1.0,0.475991,8.54,4.48,0.000303,SIMULATION
sensitivity_42_200_equal_w_throughput_1.5_44,2026-09-01T11:49:23.731555,44,w_throughput,1.5,200,equal,100.0,100.0,100.0,1.0,0.490398,13.72,3.71,0.000295,SIMULATION
sensitivity_42_200_equal_w_throughput_1.5_45,2026-09-01T11:49:23.732450,45,w_throughput,1.5,200,equal,100.0,100.0,100.0,1.0,0.50593,11.81,3.44,0.000303,SIMULATION
sensitivity_42_200_equal_w_throughput_1.5_46,2026-09-01T11:49:23.733359,46,w_throughput,1.5,200,equal,100.0,100.0,100.0,1.0,0.480838,20.44,3.0,0.00031,SIMULATION
sensitivity_42_200_proportional_w_throughput_1.5_42,2026-09-01T11:49:23.734277,42,w_throughput,1.5,200,proportional,100.0,100.0,100.0,0.7909,0.469037,16.95,1.13,0.000302,SIMULATION
sensitivity_42_200_proportional_w_throughput_1.5_43,2026-09-01T11:49:23.735171,43,w_throughput,1.5,200,proportional,100.0,100.0,100.0,0.7785,0.461343,8.54,4.48,0.000303,SIMULATION
sensitivity_42_200_proportional_w_throughput_1.5_44,2026-09-01T11:49:23.736097,44,w_throughput,1.5,200,proportional,100.0,100.0,100.0,0.8003,0.471489,13.72,3.71,0.000323,SIMULATION
sensitivity_42_200_proportional_w_throughput_1.5_45,2026-09-01T11:49:23.736976,45,w_throughput,1.5,200,proportional,100.0,100.0,100.0,0.8309,0.488472,11.81,3.44,0.000303,SIMULATION
sensitivity_42_200_proportional_w_throughput_1.5_46,2026-09-01T11:49:23.737834,46,w_throughput,1.5,200,proportional,100.0,100.0,100.0,0.791,0.462084,20.44,3.0,0.0003,SIMULATION
sensitivity_42_200_priority_w_throughput_1.5_42,2026-09-01T11:49:23.738757,42,w_throughput,1.5,200,priority,100.0,100.0,100.0,0.9391,0.495666,16.95,1.13,0.00028,SIMULATION
sensitivity_42_200_priority_w_throughput_1.5_43,2026-09-01T11:49:23.739919,43,w_throughput,1.5,200,priority,100.0,100.0,100.0,0.9357,0.486876,8.54,4.48,0.000486,SIMULATION
sensitivity_42_200_priority_w_throughput_1.5_44,2026-09-01T11:49:23.741158,44,w_throughput,1.5,200,priority,100.0,100.0,100.0,0.9427,0.498135,13.72,3.71,0.000359,SIMULATION
sensitivity_42_200_priority_w_throughput_1.5_45,2026-09-01T11:49:23.742289,45,w_throughput,1.5,200,priority,100.0,100.0,100.0,0.9509,0.511302,11.81,3.44,0.000329,SIMULATION
sensitivity_42_200_priority_w_throughput_1.5_46,2026-09-01T11:49:23.743201,46,w_throughput,1.5,200,priority,100.0,100.0,100.0,0.9413,0.488134,20.44,3.0,0.00027,SIMULATION
sensitivity_42_200_max_min_fairness_w_throughput_1.5_42,2026-09-01T11:49:23.744106,42,w_throughput,1.5,200,max_min_fairness,100.0,100.0,100.0,1.0,0.486092,16.95,1.13,0.000292,SIMULATION
sensitivity_42_200_max_min_fairness_w_throughput_1.5_43,2026-09-01T11:49:23.744986,43,w_throughput,1.5,200,max_min_fairness,100.0,100.0,100.0,1.0,0.475991,8.54,4.48,0.000299,SIMULATION
sensitivity_42_200_max_min_fairness_w_throughput_1.5_44,2026-09-01T11:49:23.745829,44,w_throughput,1.5,200,max_min_fairness,100.0,100.0,100.0,1.0,0.490398,13.72,3.71,0.000289,SIMULATION
sensitivity_42_200_max_min_fairness_w_throughput_1.5_45,2026-09-01T11:49:23.746721,45,w_throughput,1.5,200,max_min_fairness,100.0,100.0,100.0,1.0,0.50593,11.81,3.44,0.000289,SIMULATION
sensitivity_42_200_max_min_fairness_w_throughput_1.5_46,2026-09-01T11:49:23.747587,46,w_throughput,1.5,200,max_min_fairness,100.0,100.0,100.0,1.0,0.480838,20.44,3.0,0.000282,SIMULATION
sensitivity_42_200_alpha_fair_w_throughput_1.5_42,2026-09-01T11:49:23.748430,42,w_throughput,1.5,200,alpha_fair,100.0,100.0,100.0,0.7909,0.469037,16.95,1.13,0.00028,SIMULATION
sensitivity_42_200_alpha_fair_w_throughput_1.5_43,2026-09-01T11:49:23.749267,43,w_throughput,1.5,200,alpha_fair,100.0,100.0,100.0,0.7785,0.461343,8.54,4.48,0.000286,SIMULATION
sensitivity_42_200_alpha_fair_w_throughput_1.5_44,2026-09-01T11:49:23.750102,44,w_throughput,1.5,200,alpha_fair,100.0,100.0,100.0,0.8003,0.471489,13.72,3.71,0.00028,SIMULATION
sensitivity_42_200_alpha_fair_w_throughput_1.5_45,2026-09-01T11:49:23.750936,45,w_throughput,1.5,200,alpha_fair,100.0,100.0,100.0,0.8309,0.488472,11.81,3.44,0.00028,SIMULATION
sensitivity_42_200_alpha_fair_w_throughput_1.5_46,2026-09-01T11:49:23.751799,46,w_throughput,1.5,200,alpha_fair,100.0,100.0,100.0,0.791,0.462084,20.44,3.0,0.00031,SIMULATION
sensitivity_42_200_game_theory_w_throughput_1.5_42,2026-09-01T11:49:23.795992,42,w_throughput,1.5,200,game_theory,100.0,100.0,100.0,0.3115,0.304207,16.95,1.13,0.000248,SIMULATION
sensitivity_42_200_game_theory_w_throughput_1.5_43,2026-09-01T11:49:23.840877,43,w_throughput,1.5,200,game_theory,100.0,100.0,100.0,0.3247,0.304093,8.54,4.48,0.000332,SIMULATION
sensitivity_42_200_game_theory_w_throughput_1.5_44,2026-09-01T11:49:23.884769,44,w_throughput,1.5,200,game_theory,100.0,100.0,100.0,0.304,0.302718,13.72,3.71,0.000288,SIMULATION
sensitivity_42_200_game_theory_w_throughput_1.5_45,2026-09-01T11:49:23.930182,45,w_throughput,1.5,200,game_theory,100.0,100.0,100.0,0.3125,0.307383,11.81,3.44,0.000232,SIMULATION
sensitivity_42_200_game_theory_w_throughput_1.5_46,2026-09-01T11:49:23.970966,46,w_throughput,1.5,200,game_theory,100.0,100.0,100.0,0.3205,0.292443,20.44,3.0,0.000249,SIMULATION
sensitivity_42_373_equal_w_throughput_1.5_42,2026-09-01T11:49:23.972542,42,w_throughput,1.5,373,equal,100.0,100.0,100.0,1.0,0.29945,16.95,1.13,0.00054,SIMULATION
sensitivity_42_373_equal_w_throughput_1.5_43,2026-09-01T11:49:23.974644,43,w_throughput,1.5,373,equal,100.0,100.0,100.0,1.0,0.294992,8.54,4.48,0.000634,SIMULATION
sensitivity_42_373_equal_w_throughput_1.5_44,2026-09-01T11:49:23.976325,44,w_throughput,1.5,373,equal,100.0,100.0,100.0,1.0,0.300567,13.72,3.71,0.000523,SIMULATION
sensitivity_42_373_equal_w_throughput_1.5_45,2026-09-01T11:49:23.977844,45,w_throughput,1.5,373,equal,100.0,100.0,100.0,1.0,0.307397,11.81,3.44,0.000527,SIMULATION
sensitivity_42_373_equal_w_throughput_1.5_46,2026-09-01T11:49:23.979343,46,w_throughput,1.5,373,equal,100.0,100.0,100.0,1.0,0.298038,20.44,3.0,0.000517,SIMULATION
sensitivity_42_373_proportional_w_throughput_1.5_42,2026-09-01T11:49:23.980864,42,w_throughput,1.5,373,proportional,100.0,100.0,100.0,0.7991,0.292902,16.95,1.13,0.000517,SIMULATION
sensitivity_42_373_proportional_w_throughput_1.5_43,2026-09-01T11:49:23.982410,43,w_throughput,1.5,373,proportional,100.0,100.0,100.0,0.7838,0.290837,8.54,4.48,0.000523,SIMULATION
sensitivity_42_373_proportional_w_throughput_1.5_44,2026-09-01T11:49:23.983926,44,w_throughput,1.5,373,proportional,100.0,100.0,100.0,0.7901,0.293772,13.72,3.71,0.000515,SIMULATION
sensitivity_42_373_proportional_w_throughput_1.5_45,2026-09-01T11:49:23.985456,45,w_throughput,1.5,373,proportional,100.0,100.0,100.0,0.8172,0.301329,11.81,3.44,0.000518,SIMULATION
sensitivity_42_373_proportional_w_throughput_1.5_46,2026-09-01T11:49:23.987003,46,w_throughput,1.5,373,proportional,100.0,100.0,100.0,0.7982,0.293191,20.44,3.0,0.000519,SIMULATION
sensitivity_42_373_priority_w_throughput_1.5_42,2026-09-01T11:49:23.988746,42,w_throughput,1.5,373,priority,100.0,100.0,100.0,0.9411,0.307259,16.95,1.13,0.000518,SIMULATION
sensitivity_42_373_priority_w_throughput_1.5_43,2026-09-01T11:49:23.990910,43,w_throughput,1.5,373,priority,100.0,100.0,100.0,0.9365,0.303098,8.54,4.48,0.000762,SIMULATION
sensitivity_42_373_priority_w_throughput_1.5_44,2026-09-01T11:49:23.992879,44,w_throughput,1.5,373,priority,100.0,100.0,100.0,0.9417,0.307709,13.72,3.71,0.00057,SIMULATION
sensitivity_42_373_priority_w_throughput_1.5_45,2026-09-01T11:49:23.994693,45,w_throughput,1.5,373,priority,100.0,100.0,100.0,0.9473,0.313784,11.81,3.44,0.000536,SIMULATION
sensitivity_42_373_priority_w_throughput_1.5_46,2026-09-01T11:49:23.996417,46,w_throughput,1.5,373,priority,100.0,100.0,100.0,0.9422,0.304805,20.44,3.0,0.000524,SIMULATION
sensitivity_42_373_max_min_fairness_w_throughput_1.5_42,2026-09-01T11:49:23.998034,42,w_throughput,1.5,373,max_min_fairness,100.0,100.0,100.0,1.0,0.29945,16.95,1.13,0.000521,SIMULATION
sensitivity_42_373_max_min_fairness_w_throughput_1.5_43,2026-09-01T11:49:23.999627,43,w_throughput,1.5,373,max_min_fairness,100.0,100.0,100.0,1.0,0.294992,8.54,4.48,0.000516,SIMULATION
sensitivity_42_373_max_min_fairness_w_throughput_1.5_44,2026-09-01T11:49:24.001225,44,w_throughput,1.5,373,max_min_fairness,100.0,100.0,100.0,1.0,0.300567,13.72,3.71,0.000518,SIMULATION
sensitivity_42_373_max_min_fairness_w_throughput_1.5_45,2026-09-01T11:49:24.002824,45,w_throughput,1.5,373,max_min_fairness,100.0,100.0,100.0,1.0,0.307397,11.81,3.44,0.00052,SIMULATION
sensitivity_42_373_max_min_fairness_w_throughput_1.5_46,2026-09-01T11:49:24.004451,46,w_throughput,1.5,373,max_min_fairness,100.0,100.0,100.0,1.0,0.298038,20.44,3.0,0.000519,SIMULATION
sensitivity_42_373_alpha_fair_w_throughput_1.5_42,2026-09-01T11:49:24.005996,42,w_throughput,1.5,373,alpha_fair,100.0,100.0,100.0,0.7991,0.292902,16.95,1.13,0.000521,SIMULATION
sensitivity_42_373_alpha_fair_w_throughput_1.5_43,2026-09-01T11:49:24.008213,43,w_throughput,1.5,373,alpha_fair,100.0,100.0,100.0,0.7838,0.290837,8.54,4.48,0.000724,SIMULATION
sensitivity_42_373_alpha_fair_w_throughput_1.5_44,2026-09-01T11:49:24.010389,44,w_throughput,1.5,373,alpha_fair,100.0,100.0,100.0,0.7901,0.293772,13.72,3.71,0.00052,SIMULATION
sensitivity_42_373_alpha_fair_w_throughput_1.5_45,2026-09-01T11:49:24.011906,45,w_throughput,1.5,373,alpha_fair,100.0,100.0,100.0,0.8172,0.301329,11.81,3.44,0.000531,SIMULATION
sensitivity_42_373_alpha_fair_w_throughput_1.5_46,2026-09-01T11:49:24.013411,46,w_throughput,1.5,373,alpha_fair,100.0,100.0,100.0,0.7982,0.293191,20.44,3.0,0.000514,SIMULATION
sensitivity_42_373_game_theory_w_throughput_1.5_42,2026-09-01T11:49:24.152129,42,w_throughput,1.5,373,game_theory,100.0,100.0,100.0,0.167,0.163114,16.95,1.13,0.000325,SIMULATION
sensitivity_42_373_game_theory_w_throughput_1.5_43,2026-09-01T11:49:24.290321,43,w_throughput,1.5,373,game_theory,100.0,100.0,100.0,0.1741,0.163052,8.54,4.48,0.000894,SIMULATION
sensitivity_42_373_game_theory_w_throughput_1.5_44,2026-09-01T11:49:24.430748,44,w_throughput,1.5,373,game_theory,100.0,100.0,100.0,0.163,0.162315,13.72,3.71,0.000357,SIMULATION
sensitivity_42_373_game_theory_w_throughput_1.5_45,2026-09-01T11:49:24.581277,45,w_throughput,1.5,373,game_theory,100.0,100.0,100.0,0.1676,0.164817,11.81,3.44,0.000322,SIMULATION
sensitivity_42_373_game_theory_w_throughput_1.5_46,2026-09-01T11:49:24.734179,46,w_throughput,1.5,373,game_theory,100.0,100.0,100.0,0.1719,0.156806,20.44,3.0,0.000322,SIMULATION
sensitivity_42_5_equal_w_throughput_2.0_42,2026-09-01T11:49:24.734326,42,w_throughput,2.0,5,equal,100.0,43.51,43.51,0.8536,3.242044,16.95,1.13,3.5e-05,SIMULATION
sensitivity_42_5_equal_w_throughput_2.0_43,2026-09-01T11:49:24.734420,43,w_throughput,2.0,5,equal,100.0,57.93,57.93,0.8118,2.182458,8.54,4.48,2.9e-05,SIMULATION
sensitivity_42_5_equal_w_throughput_2.0_44,2026-09-01T11:49:24.734508,44,w_throughput,2.0,5,equal,100.0,37.12,37.12,0.6829,3.434611,13.72,3.71,2.7e-05,SIMULATION
sensitivity_42_5_equal_w_throughput_2.0_45,2026-09-01T11:49:24.734622,45,w_throughput,2.0,5,equal,100.0,48.12,48.12,0.836,2.94385,11.81,3.44,5.4e-05,SIMULATION
sensitivity_42_5_equal_w_throughput_2.0_46,2026-09-01T11:49:24.734708,46,w_throughput,2.0,5,equal,100.0,49.63,49.63,0.7262,2.502515,20.44,3.0,2.6e-05,SIMULATION
sensitivity_42_5_proportional_w_throughput_2.0_42,2026-09-01T11:49:24.734799,42,w_throughput,2.0,5,proportional,100.0,43.51,43.51,0.8536,3.242044,16.95,1.13,2.9e-05,SIMULATION
sensitivity_42_5_proportional_w_throughput_2.0_43,2026-09-01T11:49:24.734884,43,w_throughput,2.0,5,proportional,100.0,57.93,57.93,0.8118,2.182458,8.54,4.48,2.6e-05,SIMULATION
sensitivity_42_5_proportional_w_throughput_2.0_44,2026-09-01T11:49:24.734968,44,w_throughput,2.0,5,proportional,100.0,37.12,37.12,0.6829,3.434611,13.72,3.71,2.6e-05,SIMULATION
sensitivity_42_5_proportional_w_throughput_2.0_45,2026-09-01T11:49:24.735051,45,w_throughput,2.0,5,proportional,100.0,48.12,48.12,0.836,2.94385,11.81,3.44,2.5e-05,SIMULATION
sensitivity_42_5_proportional_w_throughput_2.0_46,2026-09-01T11:49:24.735135,46,w_throughput,2.0,5,proportional,100.0,51.37,51.37,0.7028,2.357503,20.44,3.0,2.6e-05,SIMULATION
sensitivity_42_5_priority_w_throughput_2.0_42,2026-09-01T11:49:24.735229,42,w_throughput,2.0,5,priority,100.0,100.0,100.0,0.9686,-3.320383,16.95,1.13,2.6e-05,SIMULATION
sensitivity_42_5_priority_w_throughput_2.0_43,2026-09-01T11:49:24.735320,43,w_throughput,2.0,5,priority,100.0,100.0,100.0,0.9278,-3.464971,8.54,4.48,2.6e-05,SIMULATION
sensitivity_42_5_priority_w_throughput_2.0_44,2026-09-01T11:49:24.735411,44,w_throughput,2.0,5,priority,100.0,100.0,100.0,0.9399,-3.294522,13.72,3.71,2.6e-05,SIMULATION
sensitivity_42_5_priority_w_throughput_2.0_45,2026-09-01T11:49:24.735500,45,w_throughput,2.0,5,priority,100.0,100.0,100.0,0.9565,-3.621376,11.81,3.44,2.6e-05,SIMULATION
sensitivity_42_5_priority_w_throughput_2.0_46,2026-09-01T11:49:24.735590,46,w_throughput,2.0,5,priority,100.0,100.0,100.0,0.9334,-3.765701,20.44,3.0,2.6e-05,SIMULATION
sensitivity_42_5_max_min_fairness_w_throughput_2.0_42,2026-09-01T11:49:24.735680,42,w_throughput,2.0,5,max_min_fairness,100.0,43.51,43.51,0.8536,3.242044,16.95,1.13,2.6e-05,SIMULATION
sensitivity_42_5_max_min_fairness_w_throughput_2.0_43,2026-09-01T11:49:24.735767,43,w_throughput,2.0,5,max_min_fairness,100.0,57.93,57.93,0.8118,2.182458,8.54,4.48,2.5e-05,SIMULATION
sensitivity_42_5_max_min_fairness_w_throughput_2.0_44,2026-09-01T11:49:24.735853,44,w_throughput,2.0,5,max_min_fairness,100.0,37.12,37.12,0.6829,3.434611,13.72,3.71,2.5e-05,SIMULATION
sensitivity_42_5_max_min_fairness_w_throughput_2.0_45,2026-09-01T11:49:24.735940,45,w_throughput,2.0,5,max_min_fairness,100.0,48.12,48.12,0.836,2.94385,11.81,3.44,2.6e-05,SIMULATION
sensitivity_42_5_max_min_fairness_w_throughput_2.0_46,2026-09-01T11:49:24.736028,46,w_throughput,2.0,5,max_min_fairness,100.0,51.37,51.37,0.7028,2.357503,20.44,3.0,2.5e-05,SIMULATION
sensitivity_42_5_alpha_fair_w_throughput_2.0_42,2026-09-01T11:49:24.736117,42,w_throughput,2.0,5,alpha_fair,100.0,43.51,43.51,0.8536,3.242044,16.95,1.13,2.5e-05,SIMULATION
sensitivity_42_5_alpha_fair_w_throughput_2.0_43,2026-09-01T11:49:24.736202,43,w_throughput,2.0,5,alpha_fair,100.0,57.93,57.93,0.8118,2.182458,8.54,4.48,2.5e-05,SIMULATION
sensitivity_42_5_alpha_fair_w_throughput_2.0_44,2026-09-01T11:49:24.736286,44,w_throughput,2.0,5,alpha_fair,100.0,37.12,37.12,0.6829,3.434611,13.72,3.71,2.5e-05,SIMULATION
sensitivity_42_5_alpha_fair_w_throughput_2.0_45,2026-09-01T11:49:24.736370,45,w_throughput,2.0,5,alpha_fair,100.0,48.12,48.12,0.836,2.94385,11.81,3.44,2.5e-05,SIMULATION
sensitivity_42_5_alpha_fair_w_throughput_2.0_46,2026-09-01T11:49:24.736455,46,w_throughput,2.0,5,alpha_fair,100.0,51.37,51.37,0.7028,2.357503,20.44,3.0,2.6e-05,SIMULATION
sensitivity_42_5_game_theory_w_throughput_2.0_42,2026-09-01T11:49:24.736922,42,w_throughput,2.0,5,game_theory,100.0,28.5,28.5,0.8938,3.637218,16.95,1.13,3e-05,SIMULATION
sensitivity_42_5_game_theory_w_throughput_2.0_43,2026-09-01T11:49:24.737382,43,w_throughput,2.0,5,game_theory,100.0,29.5,29.5,0.9603,3.653569,8.54,4.48,3e-05,SIMULATION
sensitivity_42_5_game_theory_w_throughput_2.0_44,2026-09-01T11:49:24.737728,44,w_throughput,2.0,5,game_theory,100.0,26.5,26.5,0.8577,3.68112,13.72,3.71,2.9e-05,SIMULATION
sensitivity_42_5_game_theory_w_throughput_2.0_45,2026-09-01T11:49:24.738203,45,w_throughput,2.0,5,game_theory,100.0,29.5,29.5,0.9932,3.761485,11.81,3.44,2.9e-05,SIMULATION
sensitivity_42_5_game_theory_w_throughput_2.0_46,2026-09-01T11:49:24.738691,46,w_throughput,2.0,5,game_theory,100.0,27.5,27.5,0.8806,3.416041,20.44,3.0,2.9e-05,SIMULATION
sensitivity_42_10_equal_w_throughput_2.0_42,2026-09-01T11:49:24.738805,42,w_throughput,2.0,10,equal,100.0,83.16,83.16,0.9016,1.52572,16.95,1.13,3.7e-05,SIMULATION
sensitivity_42_10_equal_w_throughput_2.0_43,2026-09-01T11:49:24.738911,43,w_throughput,2.0,10,equal,100.0,88.73,88.73,0.9512,1.225002,8.54,4.48,3.3e-05,SIMULATION
sensitivity_42_10_equal_w_throughput_2.0_44,2026-09-01T11:49:24.739015,44,w_throughput,2.0,10,equal,100.0,80.28,80.28,0.8952,1.790893,13.72,3.71,3.2e-05,SIMULATION
sensitivity_42_10_equal_w_throughput_2.0_45,2026-09-01T11:49:24.739118,45,w_throughput,2.0,10,equal,100.0,78.39,78.39,0.9246,1.915329,11.81,3.44,3.2e-05,SIMULATION
sensitivity_42_10_equal_w_throughput_2.0_46,2026-09-01T11:49:24.739254,46,w_throughput,2.0,10,equal,100.0,81.37,81.37,0.9003,1.395516,20.44,3.0,4.7e-05,SIMULATION
sensitivity_42_10_proportional_w_throughput_2.0_42,2026-09-01T11:49:24.739366,42,w_throughput,2.0,10,proportional,100.0,100.0,100.0,0.7951,0.183457,16.95,1.13,3.4e-05,SIMULATION
sensitivity_42_10_proportional_w_throughput_2.0_43,2026-09-01T11:49:24.739474,43,w_throughput,2.0,10,proportional,100.0,100.0,100.0,0.8273,0.256414,8.54,4.48,3.5e-05,SIMULATION
sensitivity_42_10_proportional_w_throughput_2.0_44,2026-09-01T11:49:24.739607,44,w_throughput,2.0,10,proportional,100.0,100.0,100.0,0.7675,0.192768,13.72,3.71,5.1e-05,SIMULATION
sensitivity_42_10_proportional_w_throughput_2.0_45,2026-09-01T11:49:24.739717,45,w_throughput,2.0,10,proportional,100.0,94.6,94.6,0.8119,0.666347,11.81,3.44,3.4e-05,SIMULATION
sensitivity_42_10_proportional_w_throughput_2.0_46,2026-09-01T11:49:24.739835,46,w_throughput,2.0,10,proportional,100.0,100.0,100.0,0.794,-0.092201,20.44,3.0,3.8e-05,SIMULATION
sensitivity_42_10_priority_w_throughput_2.0_42,2026-09-01T11:49:24.739964,42,w_throughput,2.0,10,priority,100.0,100.0,100.0,0.9234,0.362761,16.95,1.13,3.6e-05,SIMULATION
sensitivity_42_10_priority_w_throughput_2.0_43,2026-09-01T11:49:24.740096,43,w_throughput,2.0,10,priority,100.0,100.0,100.0,0.9052,0.309609,8.54,4.48,3.7e-05,SIMULATION
sensitivity_42_10_priority_w_throughput_2.0_44,2026-09-01T11:49:24.740224,44,w_throughput,2.0,10,priority,100.0,100.0,100.0,0.9054,0.382704,13.72,3.71,3.7e-05,SIMULATION
sensitivity_42_10_priority_w_throughput_2.0_45,2026-09-01T11:49:24.740348,45,w_throughput,2.0,10,priority,100.0,100.0,100.0,0.9246,0.401487,11.81,3.44,3.6e-05,SIMULATION
sensitivity_42_10_priority_w_throughput_2.0_46,2026-09-01T11:49:24.740473,46,w_throughput,2.0,10,priority,100.0,100.0,100.0,0.8868,-0.020814,20.44,3.0,3.6e-05,SIMULATION
sensitivity_42_10_max_min_fairness_w_throughput_2.0_42,2026-09-01T11:49:24.740596,42,w_throughput,2.0,10,max_min_fairness,100.0,100.0,100.0,0.8673,0.271388,16.95,1.13,3.4e-05,SIMULATION
sensitivity_42_10_max_min_fairness_w_throughput_2.0_43,2026-09-01T11:49:24.740761,43,w_throughput,2.0,10,max_min_fairness,100.0,100.0,100.0,0.9335,0.356722,8.54,4.48,3.6e-05,SIMULATION
sensitivity_42_10_max_min_fairness_w_throughput_2.0_44,2026-09-01T11:49:24.740893,44,w_throughput,2.0,10,max_min_fairness,100.0,100.0,100.0,0.8408,0.292305,13.72,3.71,3.6e-05,SIMULATION
sensitivity_42_10_max_min_fairness_w_throughput_2.0_45,2026-09-01T11:49:24.741011,45,w_throughput,2.0,10,max_min_fairness,100.0,94.6,94.6,0.8119,0.666347,11.81,3.44,3.4e-05,SIMULATION
sensitivity_42_10_max_min_fairness_w_throughput_2.0_46,2026-09-01T11:49:24.741132,46,w_throughput,2.0,10,max_min_fairness,100.0,100.0,100.0,0.8247,-0.077534,20.44,3.0,3.6e-05,SIMULATION
sensitivity_42_10_alpha_fair_w_throughput_2.0_42,2026-09-01T11:49:24.741282,42,w_throughput,2.0,10,alpha_fair,100.0,100.0,100.0,0.7951,0.183457,16.95,1.13,6.4e-05,SIMULATION
sensitivity_42_10_alpha_fair_w_throughput_2.0_43,2026-09-01T11:49:24.741393,43,w_throughput,2.0,10,alpha_fair,100.0,100.0,100.0,0.8273,0.256414,8.54,4.48,3.3e-05,SIMULATION
sensitivity_42_10_alpha_fair_w_throughput_2.0_44,2026-09-01T11:49:24.741504,44,w_throughput,2.0,10,alpha_fair,100.0,100.0,100.0,0.7675,0.192768,13.72,3.71,3.4e-05,SIMULATION
sensitivity_42_10_alpha_fair_w_throughput_2.0_45,2026-09-01T11:49:24.741614,45,w_throughput,2.0,10,alpha_fair,100.0,94.6,94.6,0.8119,0.666347,11.81,3.44,3.3e-05,SIMULATION
sensitivity_42_10_alpha_fair_w_throughput_2.0_46,2026-09-01T11:49:24.741734,46,w_throughput,2.0,10,alpha_fair,100.0,100.0,100.0,0.794,-0.092201,20.44,3.0,3.2e-05,SIMULATION
sensitivity_42_10_game_theory_w_throughput_2.0_42,2026-09-01T11:49:24.742728,42,w_throughput,2.0,10,game_theory,100.0,41.5,41.5,0.9528,2.931015,16.95,1.13,3.5e-05,SIMULATION
sensitivity_42_10_game_theory_w_throughput_2.0_43,2026-09-01T11:49:24.744091,43,w_throughput,2.0,10,game_theory,100.0,42.5,42.5,0.9724,2.955208,8.54,4.48,3.8e-05,SIMULATION
sensitivity_42_10_game_theory_w_throughput_2.0_44,2026-09-01T11:49:24.745317,44,w_throughput,2.0,10,game_theory,100.0,43.0,43.0,0.9556,3.079003,13.72,3.71,3.8e-05,SIMULATION
sensitivity_42_10_game_theory_w_throughput_2.0_45,2026-09-01T11:49:24.746362,45,w_throughput,2.0,10,game_theory,100.0,44.0,44.0,0.9803,3.073677,11.81,3.44,3.7e-05,SIMULATION
sensitivity_42_10_game_theory_w_throughput_2.0_46,2026-09-01T11:49:24.747317,46,w_throughput,2.0,10,game_theory,100.0,42.0,42.0,0.9383,2.833925,20.44,3.0,3.6e-05,SIMULATION
sensitivity_42_20_equal_w_throughput_2.0_42,2026-09-01T11:49:24.747466,42,w_throughput,2.0,20,equal,100.0,95.95,95.95,0.9817,1.835843,16.95,1.13,4.8e-05,SIMULATION
sensitivity_42_20_equal_w_throughput_2.0_43,2026-09-01T11:49:24.747611,43,w_throughput,2.0,20,equal,100.0,97.57,97.57,0.9934,1.774673,8.54,4.48,4.7e-05,SIMULATION
sensitivity_42_20_equal_w_throughput_2.0_44,2026-09-01T11:49:24.747753,44,w_throughput,2.0,20,equal,100.0,95.37,95.37,0.9848,1.902734,13.72,3.71,4.6e-05,SIMULATION
sensitivity_42_20_equal_w_throughput_2.0_45,2026-09-01T11:49:24.747895,45,w_throughput,2.0,20,equal,100.0,95.25,95.25,0.9772,1.866488,11.81,3.44,4.6e-05,SIMULATION
sensitivity_42_20_equal_w_throughput_2.0_46,2026-09-01T11:49:24.748037,46,w_throughput,2.0,20,equal,100.0,97.24,97.24,0.9849,1.658034,20.44,3.0,4.5e-05,SIMULATION
sensitivity_42_20_proportional_w_throughput_2.0_42,2026-09-01T11:49:24.748180,42,w_throughput,2.0,20,proportional,100.0,100.0,100.0,0.8473,1.599217,16.95,1.13,4.6e-05,SIMULATION
sensitivity_42_20_proportional_w_throughput_2.0_43,2026-09-01T11:49:24.748323,43,w_throughput,2.0,20,proportional,100.0,100.0,100.0,0.7922,1.549533,8.54,4.48,4.5e-05,SIMULATION
sensitivity_42_20_proportional_w_throughput_2.0_44,2026-09-01T11:49:24.748465,44,w_throughput,2.0,20,proportional,100.0,100.0,100.0,0.764,1.547878,13.72,3.71,4.5e-05,SIMULATION
sensitivity_42_20_proportional_w_throughput_2.0_45,2026-09-01T11:49:24.748607,45,w_throughput,2.0,20,proportional,100.0,100.0,100.0,0.7559,1.489074,11.81,3.44,4.5e-05,SIMULATION
sensitivity_42_20_proportional_w_throughput_2.0_46,2026-09-01T11:49:24.748749,46,w_throughput,2.0,20,proportional,100.0,100.0,100.0,0.8103,1.440523,20.44,3.0,4.5e-05,SIMULATION
sensitivity_42_20_priority_w_throughput_2.0_42,2026-09-01T11:49:24.748913,42,w_throughput,2.0,20,priority,100.0,100.0,100.0,0.9337,1.685328,16.95,1.13,4.6e-05,SIMULATION
sensitivity_42_20_priority_w_throughput_2.0_43,2026-09-01T11:49:24.749070,43,w_throughput,2.0,20,priority,100.0,100.0,100.0,0.9344,1.689442,8.54,4.48,4.6e-05,SIMULATION
sensitivity_42_20_priority_w_throughput_2.0_44,2026-09-01T11:49:24.749226,44,w_throughput,2.0,20,priority,100.0,100.0,100.0,0.9439,1.731393,13.72,3.71,4.6e-05,SIMULATION
sensitivity_42_20_priority_w_throughput_2.0_45,2026-09-01T11:49:24.749384,45,w_throughput,2.0,20,priority,100.0,100.0,100.0,0.9366,1.686789,11.81,3.44,4.7e-05,SIMULATION
sensitivity_42_20_priority_w_throughput_2.0_46,2026-09-01T11:49:24.749542,46,w_throughput,2.0,20,priority,100.0,100.0,100.0,0.9266,1.53742,20.44,3.0,4.6e-05,SIMULATION
sensitivity_42_20_max_min_fairness_w_throughput_2.0_42,2026-09-01T11:49:24.749714,42,w_throughput,2.0,20,max_min_fairness,100.0,100.0,100.0,0.9798,1.711823,16.95,1.13,4.6e-05,SIMULATION
sensitivity_42_20_max_min_fairness_w_throughput_2.0_43,2026-09-01T11:49:24.749874,43,w_throughput,2.0,20,max_min_fairness,100.0,100.0,100.0,0.9924,1.700219,8.54,4.48,4.6e-05,SIMULATION
sensitivity_42_20_max_min_fairness_w_throughput_2.0_44,2026-09-01T11:49:24.750029,44,w_throughput,2.0,20,max_min_fairness,100.0,100.0,100.0,0.9817,1.761364,13.72,3.71,4.6e-05,SIMULATION
sensitivity_42_20_max_min_fairness_w_throughput_2.0_45,2026-09-01T11:49:24.750182,45,w_throughput,2.0,20,max_min_fairness,100.0,100.0,100.0,0.9748,1.720122,11.81,3.44,4.6e-05,SIMULATION
sensitivity_42_20_max_min_fairness_w_throughput_2.0_46,2026-09-01T11:49:24.750336,46,w_throughput,2.0,20,max_min_fairness,100.0,100.0,100.0,0.9842,1.56965,20.44,3.0,4.6e-05,SIMULATION
sensitivity_42_20_alpha_fair_w_throughput_2.0_42,2026-09-01T11:49:24.750483,42,w_throughput,2.0,20,alpha_fair,100.0,100.0,100.0,0.8473,1.599217,16.95,1.13,4.6e-05,SIMULATION
sensitivity_42_20_alpha_fair_w_throughput_2.0_43,2026-09-01T11:49:24.750628,43,w_throughput,2.0,20,alpha_fair,100.0,100.0,100.0,0.7922,1.549533,8.54,4.48,4.6e-05,SIMULATION
sensitivity_42_20_alpha_fair_w_throughput_2.0_44,2026-09-01T11:49:24.750774,44,w_throughput,2.0,20,alpha_fair,100.0,100.0,100.0,0.764,1.547878,13.72,3.71,4.6e-05,SIMULATION
sensitivity_42_20_alpha_fair_w_throughput_2.0_45,2026-09-01T11:49:24.750923,45,w_throughput,2.0,20,alpha_fair,100.0,100.0,100.0,0.7559,1.489074,11.81,3.44,4.6e-05,SIMULATION
sensitivity_42_20_alpha_fair_w_throughput_2.0_46,2026-09-01T11:49:24.751069,46,w_throughput,2.0,20,alpha_fair,100.0,100.0,100.0,0.8103,1.440523,20.44,3.0,4.6e-05,SIMULATION
sensitivity_42_20_game_theory_w_throughput_2.0_42,2026-09-01T11:49:24.753478,42,w_throughput,2.0,20,game_theory,100.0,59.5,59.5,0.9581,2.415688,16.95,1.13,5.1e-05,SIMULATION
sensitivity_42_20_game_theory_w_throughput_2.0_43,2026-09-01T11:49:24.755605,43,w_throughput,2.0,20,game_theory,100.0,59.5,59.5,0.9555,2.401967,8.54,4.48,5.1e-05,SIMULATION
sensitivity_42_20_game_theory_w_throughput_2.0_44,2026-09-01T11:49:24.758912,44,w_throughput,2.0,20,game_theory,100.0,59.5,59.5,0.9555,2.460759,13.72,3.71,0.000138,SIMULATION
sensitivity_42_20_game_theory_w_throughput_2.0_45,2026-09-01T11:49:24.761518,45,w_throughput,2.0,20,game_theory,100.0,59.5,59.5,0.9713,2.43597,11.81,3.44,8.9e-05,SIMULATION
sensitivity_42_20_game_theory_w_throughput_2.0_46,2026-09-01T11:49:24.764440,46,w_throughput,2.0,20,game_theory,100.0,59.5,59.5,0.9607,2.319356,20.44,3.0,5.6e-05,SIMULATION
sensitivity_42_30_equal_w_throughput_2.0_42,2026-09-01T11:49:24.764645,42,w_throughput,2.0,30,equal,100.0,97.9033,97.9033,0.9936,1.822354,16.95,1.13,6.5e-05,SIMULATION
sensitivity_42_30_equal_w_throughput_2.0_43,2026-09-01T11:49:24.764840,43,w_throughput,2.0,30,equal,100.0,99.3633,99.3633,0.999,1.756267,8.54,4.48,6.4e-05,SIMULATION
sensitivity_42_30_equal_w_throughput_2.0_44,2026-09-01T11:49:24.765032,44,w_throughput,2.0,30,equal,100.0,99.4667,99.4667,0.9992,1.852537,13.72,3.71,6.3e-05,SIMULATION
sensitivity_42_30_equal_w_throughput_2.0_45,2026-09-01T11:49:24.765223,45,w_throughput,2.0,30,equal,100.0,98.5833,98.5833,0.9958,1.851844,11.81,3.44,6.2e-05,SIMULATION
sensitivity_42_30_equal_w_throughput_2.0_46,2026-09-01T11:49:24.765411,46,w_throughput,2.0,30,equal,100.0,98.9067,98.9067,0.9965,1.761705,20.44,3.0,6.2e-05,SIMULATION
sensitivity_42_30_proportional_w_throughput_2.0_42,2026-09-01T11:49:24.765605,42,w_throughput,2.0,30,proportional,100.0,100.0,100.0,0.8041,1.661944,16.95,1.13,6.3e-05,SIMULATION
sensitivity_42_30_proportional_w_throughput_2.0_43,2026-09-01T11:49:24.765806,43,w_throughput,2.0,30,proportional,100.0,100.0,100.0,0.8005,1.628634,8.54,4.48,6e-05,SIMULATION
sensitivity_42_30_proportional_w_throughput_2.0_44,2026-09-01T11:49:24.765993,44,w_throughput,2.0,30,proportional,100.0,100.0,100.0,0.7492,1.659651,13.72,3.71,6e-05,SIMULATION
sensitivity_42_30_proportional_w_throughput_2.0_45,2026-09-01T11:49:24.766178,45,w_throughput,2.0,30,proportional,100.0,100.0,100.0,0.7845,1.651608,11.81,3.44,6e-05,SIMULATION
sensitivity_42_30_proportional_w_throughput_2.0_46,2026-09-01T11:49:24.766363,46,w_throughput,2.0,30,proportional,100.0,100.0,100.0,0.834,1.625912,20.44,3.0,6e-05,SIMULATION
sensitivity_42_30_priority_w_throughput_2.0_42,2026-09-01T11:49:24.766577,42,w_throughput,2.0,30,priority,100.0,100.0,100.0,0.9351,1.770634,16.95,1.13,6.4e-05,SIMULATION
sensitivity_42_30_priority_w_throughput_2.0_43,2026-09-01T11:49:24.766782,43,w_throughput,2.0,30,priority,100.0,100.0,100.0,0.9312,1.743351,8.54,4.48,6.1e-05,SIMULATION
sensitivity_42_30_priority_w_throughput_2.0_44,2026-09-01T11:49:24.766989,44,w_throughput,2.0,30,priority,100.0,100.0,100.0,0.9408,1.826846,13.72,3.71,6.1e-05,SIMULATION
sensitivity_42_30_priority_w_throughput_2.0_45,2026-09-01T11:49:24.767198,45,w_throughput,2.0,30,priority,100.0,100.0,100.0,0.9403,1.804479,11.81,3.44,6.1e-05,SIMULATION
sensitivity_42_30_priority_w_throughput_2.0_46,2026-09-01T11:49:24.767406,46,w_throughput,2.0,30,priority,100.0,100.0,100.0,0.9376,1.715893,20.44,3.0,6.1e-05,SIMULATION
sensitivity_42_30_max_min_fairness_w_throughput_2.0_42,2026-09-01T11:49:24.767610,42,w_throughput,2.0,30,max_min_fairness,100.0,100.0,100.0,0.9929,1.789663,16.95,1.13,6e-05,SIMULATION
sensitivity_42_30_max_min_fairness_w_throughput_2.0_43,2026-09-01T11:49:24.767812,43,w_throughput,2.0,30,max_min_fairness,100.0,100.0,100.0,0.9989,1.74621,8.54,4.48,6e-05,SIMULATION
sensitivity_42_30_max_min_fairness_w_throughput_2.0_44,2026-09-01T11:49:24.768015,44,w_throughput,2.0,30,max_min_fairness,100.0,100.0,100.0,0.9991,1.84419,13.72,3.71,6.2e-05,SIMULATION
sensitivity_42_30_max_min_fairness_w_throughput_2.0_45,2026-09-01T11:49:24.768216,45,w_throughput,2.0,30,max_min_fairness,100.0,100.0,100.0,0.9956,1.829849,11.81,3.44,6e-05,SIMULATION
sensitivity_42_30_max_min_fairness_w_throughput_2.0_46,2026-09-01T11:49:24.768417,46,w_throughput,2.0,30,max_min_fairness,100.0,100.0,100.0,0.9963,1.74385,20.44,3.0,6.1e-05,SIMULATION
sensitivity_42_30_alpha_fair_w_throughput_2.0_42,2026-09-01T11:49:24.768641,42,w_throughput,2.0,30,alpha_fair,100.0,100.0,100.0,0.8041,1.661944,16.95,1.13,9.2e-05,SIMULATION
sensitivity_42_30_alpha_fair_w_throughput_2.0_43,2026-09-01T11:49:24.768831,43,w_throughput,2.0,30,alpha_fair,100.0,100.0,100.0,0.8005,1.628634,8.54,4.48,6.1e-05,SIMULATION
sensitivity_42_30_alpha_fair_w_throughput_2.0_44,2026-09-01T11:49:24.769020,44,w_throughput,2.0,30,alpha_fair,100.0,100.0,100.0,0.7492,1.659651,13.72,3.71,6e-05,SIMULATION
sensitivity_42_30_alpha_fair_w_throughput_2.0_45,2026-09-01T11:49:24.769209,45,w_throughput,2.0,30,alpha_fair,100.0,100.0,100.0,0.7845,1.651608,11.81,3.44,6.1e-05,SIMULATION
sensitivity_42_30_alpha_fair_w_throughput_2.0_46,2026-09-01T11:49:24.769397,46,w_throughput,2.0,30,alpha_fair,100.0,100.0,100.0,0.834,1.625912,20.44,3.0,6e-05,SIMULATION
sensitivity_42_30_game_theory_w_throughput_2.0_42,2026-09-01T11:49:24.773569,42,w_throughput,2.0,30,game_theory,100.0,71.0,71.0,0.9547,2.052716,16.95,1.13,0.000182,SIMULATION
sensitivity_42_30_game_theory_w_throughput_2.0_43,2026-09-01T11:49:24.777851,43,w_throughput,2.0,30,game_theory,100.0,71.0,71.0,0.9575,2.019605,8.54,4.48,0.000106,SIMULATION
sensitivity_42_30_game_theory_w_throughput_2.0_44,2026-09-01T11:49:24.782695,44,w_throughput,2.0,30,game_theory,100.0,72.0,72.0,0.9417,2.100164,13.72,3.71,9.8e-05,SIMULATION
sensitivity_42_30_game_theory_w_throughput_2.0_45,2026-09-01T11:49:24.787248,45,w_throughput,2.0,30,game_theory,100.0,71.5,71.5,0.9507,2.085545,11.81,3.44,8.8e-05,SIMULATION
sensitivity_42_30_game_theory_w_throughput_2.0_46,2026-09-01T11:49:24.792981,46,w_throughput,2.0,30,game_theory,100.0,71.0,71.0,0.9547,2.01866,20.44,3.0,0.000109,SIMULATION
sensitivity_42_50_equal_w_throughput_2.0_42,2026-09-01T11:49:24.793282,42,w_throughput,2.0,50,equal,100.0,100.0,100.0,1.0,1.650628,16.95,1.13,9.6e-05,SIMULATION
sensitivity_42_50_equal_w_throughput_2.0_43,2026-09-01T11:49:24.793556,43,w_throughput,2.0,50,equal,100.0,100.0,100.0,1.0,1.539984,8.54,4.48,9.1e-05,SIMULATION
sensitivity_42_50_equal_w_throughput_2.0_44,2026-09-01T11:49:24.793826,44,w_throughput,2.0,50,equal,100.0,100.0,100.0,1.0,1.625593,13.72,3.71,9e-05,SIMULATION
sensitivity_42_50_equal_w_throughput_2.0_45,2026-09-01T11:49:24.794093,45,w_throughput,2.0,50,equal,100.0,100.0,100.0,1.0,1.612767,11.81,3.44,8.9e-05,SIMULATION
sensitivity_42_50_equal_w_throughput_2.0_46,2026-09-01T11:49:24.794359,46,w_throughput,2.0,50,equal,100.0,100.0,100.0,1.0,1.620288,20.44,3.0,8.9e-05,SIMULATION
sensitivity_42_50_proportional_w_throughput_2.0_42,2026-09-01T11:49:24.794636,42,w_throughput,2.0,50,proportional,100.0,100.0,100.0,0.821,1.557459,16.95,1.13,9.3e-05,SIMULATION
sensitivity_42_50_proportional_w_throughput_2.0_43,2026-09-01T11:49:24.794918,43,w_throughput,2.0,50,proportional,100.0,100.0,100.0,0.7826,1.44851,8.54,4.48,8.8e-05,SIMULATION
sensitivity_42_50_proportional_w_throughput_2.0_44,2026-09-01T11:49:24.795182,44,w_throughput,2.0,50,proportional,100.0,100.0,100.0,0.7759,1.512944,13.72,3.71,8.8e-05,SIMULATION
sensitivity_42_50_proportional_w_throughput_2.0_45,2026-09-01T11:49:24.795444,45,w_throughput,2.0,50,proportional,100.0,100.0,100.0,0.7633,1.453932,11.81,3.44,8.6e-05,SIMULATION
sensitivity_42_50_proportional_w_throughput_2.0_46,2026-09-01T11:49:24.795705,46,w_throughput,2.0,50,proportional,100.0,100.0,100.0,0.8102,1.527665,20.44,3.0,8.7e-05,SIMULATION
sensitivity_42_50_priority_w_throughput_2.0_42,2026-09-01T11:49:24.796001,42,w_throughput,2.0,50,priority,100.0,100.0,100.0,0.9409,1.650956,16.95,1.13,8.8e-05,SIMULATION
sensitivity_42_50_priority_w_throughput_2.0_43,2026-09-01T11:49:24.796302,43,w_throughput,2.0,50,priority,100.0,100.0,100.0,0.9282,1.545727,8.54,4.48,8.8e-05,SIMULATION
sensitivity_42_50_priority_w_throughput_2.0_44,2026-09-01T11:49:24.796604,44,w_throughput,2.0,50,priority,100.0,100.0,100.0,0.9362,1.625689,13.72,3.71,9.2e-05,SIMULATION
sensitivity_42_50_priority_w_throughput_2.0_45,2026-09-01T11:49:24.796894,45,w_throughput,2.0,50,priority,100.0,100.0,100.0,0.9369,1.607544,11.81,3.44,8.8e-05,SIMULATION
sensitivity_42_50_priority_w_throughput_2.0_46,2026-09-01T11:49:24.797184,46,w_throughput,2.0,50,priority,100.0,100.0,100.0,0.9385,1.617523,20.44,3.0,8.8e-05,SIMULATION
sensitivity_42_50_max_min_fairness_w_throughput_2.0_42,2026-09-01T11:49:24.797460,42,w_throughput,2.0,50,max_min_fairness,100.0,100.0,100.0,1.0,1.650628,16.95,1.13,8.7e-05,SIMULATION
sensitivity_42_50_max_min_fairness_w_throughput_2.0_43,2026-09-01T11:49:24.797734,43,w_throughput,2.0,50,max_min_fairness,100.0,100.0,100.0,1.0,1.539984,8.54,4.48,8.7e-05,SIMULATION
sensitivity_42_50_max_min_fairness_w_throughput_2.0_44,2026-09-01T11:49:24.798009,44,w_throughput,2.0,50,max_min_fairness,100.0,100.0,100.0,1.0,1.625593,13.72,3.71,8.7e-05,SIMULATION
sensitivity_42_50_max_min_fairness_w_throughput_2.0_45,2026-09-01T11:49:24.798282,45,w_throughput,2.0,50,max_min_fairness,100.0,100.0,100.0,1.0,1.612767,11.81,3.44,8.6e-05,SIMULATION
sensitivity_42_50_max_min_fairness_w_throughput_2.0_46,2026-09-01T11:49:24.798557,46,w_throughput,2.0,50,max_min_fairness,100.0,100.0,100.0,1.0,1.620288,20.44,3.0,8.9e-05,SIMULATION
sensitivity_42_50_alpha_fair_w_throughput_2.0_42,2026-09-01T11:49:24.798826,42,w_throughput,2.0,50,alpha_fair,100.0,100.0,100.0,0.821,1.557459,16.95,1.13,8.8e-05,SIMULATION
sensitivity_42_50_alpha_fair_w_throughput_2.0_43,2026-09-01T11:49:24.799117,43,w_throughput,2.0,50,alpha_fair,100.0,100.0,100.0,0.7826,1.44851,8.54,4.48,8.8e-05,SIMULATION
sensitivity_42_50_alpha_fair_w_throughput_2.0_44,2026-09-01T11:49:24.799385,44,w_throughput,2.0,50,alpha_fair,100.0,100.0,100.0,0.7759,1.512944,13.72,3.71,8.7e-05,SIMULATION
sensitivity_42_50_alpha_fair_w_throughput_2.0_45,2026-09-01T11:49:24.799652,45,w_throughput,2.0,50,alpha_fair,100.0,100.0,100.0,0.7633,1.453932,11.81,3.44,8.7e-05,SIMULATION
sensitivity_42_50_alpha_fair_w_throughput_2.0_46,2026-09-01T11:49:24.799918,46,w_throughput,2.0,50,alpha_fair,100.0,100.0,100.0,0.8102,1.527665,20.44,3.0,8.7e-05,SIMULATION
sensitivity_42_50_game_theory_w_throughput_2.0_42,2026-09-01T11:49:24.808781,42,w_throughput,2.0,50,game_theory,100.0,89.0,89.0,0.9264,1.690434,16.95,1.13,0.000155,SIMULATION
sensitivity_42_50_game_theory_w_throughput_2.0_43,2026-09-01T11:49:24.815842,43,w_throughput,2.0,50,game_theory,100.0,88.0,88.0,0.956,1.593578,8.54,4.48,9.8e-05,SIMULATION
sensitivity_42_50_game_theory_w_throughput_2.0_44,2026-09-01T11:49:24.824411,44,w_throughput,2.0,50,game_theory,100.0,88.0,88.0,0.9192,1.66827,13.72,3.71,0.000142,SIMULATION
sensitivity_42_50_game_theory_w_throughput_2.0_45,2026-09-01T11:49:24.831722,45,w_throughput,2.0,50,game_theory,100.0,88.0,88.0,0.9387,1.654115,11.81,3.44,0.000118,SIMULATION
sensitivity_42_50_game_theory_w_throughput_2.0_46,2026-09-01T11:49:24.840277,46,w_throughput,2.0,50,game_theory,100.0,89.5,89.5,0.9168,1.659792,20.44,3.0,0.000248,SIMULATION
sensitivity_42_100_equal_w_throughput_2.0_42,2026-09-01T11:49:24.841157,42,w_throughput,2.0,100,equal,100.0,100.0,100.0,1.0,1.184383,16.95,1.13,0.000326,SIMULATION
sensitivity_42_100_equal_w_throughput_2.0_43,2026-09-01T11:49:24.842036,43,w_throughput,2.0,100,equal,100.0,100.0,100.0,1.0,1.160292,8.54,4.48,0.000276,SIMULATION
sensitivity_42_100_equal_w_throughput_2.0_44,2026-09-01T11:49:24.842638,44,w_throughput,2.0,100,equal,100.0,100.0,100.0,1.0,1.199291,13.72,3.71,0.000164,SIMULATION
sensitivity_42_100_equal_w_throughput_2.0_45,2026-09-01T11:49:24.843097,45,w_throughput,2.0,100,equal,100.0,100.0,100.0,1.0,1.196521,11.81,3.44,0.00018,SIMULATION
sensitivity_42_100_equal_w_throughput_2.0_46,2026-09-01T11:49:24.843511,46,w_throughput,2.0,100,equal,100.0,100.0,100.0,1.0,1.143506,20.44,3.0,0.00014,SIMULATION
sensitivity_42_100_proportional_w_throughput_2.0_42,2026-09-01T11:49:24.843941,42,w_throughput,2.0,100,proportional,100.0,100.0,100.0,0.7987,1.12218,16.95,1.13,0.000144,SIMULATION
sensitivity_42_100_proportional_w_throughput_2.0_43,2026-09-01T11:49:24.844407,43,w_throughput,2.0,100,proportional,100.0,100.0,100.0,0.7804,1.104564,8.54,4.48,0.000144,SIMULATION
sensitivity_42_100_proportional_w_throughput_2.0_44,2026-09-01T11:49:24.844854,44,w_throughput,2.0,100,proportional,100.0,100.0,100.0,0.774,1.137065,13.72,3.71,0.000146,SIMULATION
sensitivity_42_100_proportional_w_throughput_2.0_45,2026-09-01T11:49:24.845326,45,w_throughput,2.0,100,proportional,100.0,100.0,100.0,0.8017,1.126954,11.81,3.44,0.000147,SIMULATION
sensitivity_42_100_proportional_w_throughput_2.0_46,2026-09-01T11:49:24.845783,46,w_throughput,2.0,100,proportional,100.0,100.0,100.0,0.7808,1.084399,20.44,3.0,0.00015,SIMULATION
sensitivity_42_100_priority_w_throughput_2.0_42,2026-09-01T11:49:24.846284,42,w_throughput,2.0,100,priority,100.0,100.0,100.0,0.9405,1.196834,16.95,1.13,0.000151,SIMULATION
sensitivity_42_100_priority_w_throughput_2.0_43,2026-09-01T11:49:24.846806,43,w_throughput,2.0,100,priority,100.0,100.0,100.0,0.9364,1.175807,8.54,4.48,0.000155,SIMULATION
sensitivity_42_100_priority_w_throughput_2.0_44,2026-09-01T11:49:24.847323,44,w_throughput,2.0,100,priority,100.0,100.0,100.0,0.9417,1.210154,13.72,3.71,0.000156,SIMULATION
sensitivity_42_100_priority_w_throughput_2.0_45,2026-09-01T11:49:24.847862,45,w_throughput,2.0,100,priority,100.0,100.0,100.0,0.9458,1.203116,11.81,3.44,0.00016,SIMULATION
sensitivity_42_100_priority_w_throughput_2.0_46,2026-09-01T11:49:24.848387,46,w_throughput,2.0,100,priority,100.0,100.0,100.0,0.9349,1.15272,20.44,3.0,0.000159,SIMULATION
sensitivity_42_100_max_min_fairness_w_throughput_2.0_42,2026-09-01T11:49:24.848897,42,w_throughput,2.0,100,max_min_fairness,100.0,100.0,100.0,1.0,1.184383,16.95,1.13,0.00016,SIMULATION
sensitivity_42_100_max_min_fairness_w_throughput_2.0_43,2026-09-01T11:49:24.849404,43,w_throughput,2.0,100,max_min_fairness,100.0,100.0,100.0,1.0,1.160292,8.54,4.48,0.00016,SIMULATION
sensitivity_42_100_max_min_fairness_w_throughput_2.0_44,2026-09-01T11:49:24.849926,44,w_throughput,2.0,100,max_min_fairness,100.0,100.0,100.0,1.0,1.199291,13.72,3.71,0.000164,SIMULATION
sensitivity_42_100_max_min_fairness_w_throughput_2.0_45,2026-09-01T11:49:24.850440,45,w_throughput,2.0,100,max_min_fairness,100.0,100.0,100.0,1.0,1.196521,11.81,3.44,0.000163,SIMULATION
sensitivity_42_100_max_min_fairness_w_throughput_2.0_46,2026-09-01T11:49:24.850977,46,w_throughput,2.0,100,max_min_fairness,100.0,100.0,100.0,1.0,1.143506,20.44,3.0,0.000171,SIMULATION
sensitivity_42_100_alpha_fair_w_throughput_2.0_42,2026-09-01T11:49:24.851528,42,w_throughput,2.0,100,alpha_fair,100.0,100.0,100.0,0.7987,1.12218,16.95,1.13,0.000177,SIMULATION
sensitivity_42_100_alpha_fair_w_throughput_2.0_43,2026-09-01T11:49:24.852079,43,w_throughput,2.0,100,alpha_fair,100.0,100.0,100.0,0.7804,1.104564,8.54,4.48,0.000174,SIMULATION
sensitivity_42_100_alpha_fair_w_throughput_2.0_44,2026-09-01T11:49:24.852599,44,w_throughput,2.0,100,alpha_fair,100.0,100.0,100.0,0.774,1.137065,13.72,3.71,0.000174,SIMULATION
sensitivity_42_100_alpha_fair_w_throughput_2.0_45,2026-09-01T11:49:24.853123,45,w_throughput,2.0,100,alpha_fair,100.0,100.0,100.0,0.8017,1.126954,11.81,3.44,0.000177,SIMULATION
sensitivity_42_100_alpha_fair_w_throughput_2.0_46,2026-09-01T11:49:24.853640,46,w_throughput,2.0,100,alpha_fair,100.0,100.0,100.0,0.7808,1.084399,20.44,3.0,0.000173,SIMULATION
sensitivity_42_100_game_theory_w_throughput_2.0_42,2026-09-01T11:49:24.870581,42,w_throughput,2.0,100,game_theory,100.0,100.0,100.0,0.6231,0.995658,16.95,1.13,0.00021,SIMULATION
sensitivity_42_100_game_theory_w_throughput_2.0_43,2026-09-01T11:49:24.887645,43,w_throughput,2.0,100,game_theory,100.0,100.0,100.0,0.6494,0.992195,8.54,4.48,0.000224,SIMULATION
sensitivity_42_100_game_theory_w_throughput_2.0_44,2026-09-01T11:49:24.901931,44,w_throughput,2.0,100,game_theory,100.0,100.0,100.0,0.6079,0.993614,13.72,3.71,0.000186,SIMULATION
sensitivity_42_100_game_theory_w_throughput_2.0_45,2026-09-01T11:49:24.918846,45,w_throughput,2.0,100,game_theory,100.0,100.0,100.0,0.625,1.003341,11.81,3.44,0.000243,SIMULATION
sensitivity_42_100_game_theory_w_throughput_2.0_46,2026-09-01T11:49:24.933842,46,w_throughput,2.0,100,game_theory,100.0,100.0,100.0,0.641,0.971367,20.44,3.0,0.000194,SIMULATION
sensitivity_42_200_equal_w_throughput_2.0_42,2026-09-01T11:49:24.934838,42,w_throughput,2.0,200,equal,100.0,100.0,100.0,1.0,0.739508,16.95,1.13,0.000364,SIMULATION
sensitivity_42_200_equal_w_throughput_2.0_43,2026-09-01T11:49:24.935769,43,w_throughput,2.0,200,equal,100.0,100.0,100.0,1.0,0.724642,8.54,4.48,0.000328,SIMULATION
sensitivity_42_200_equal_w_throughput_2.0_44,2026-09-01T11:49:24.936703,44,w_throughput,2.0,200,equal,100.0,100.0,100.0,1.0,0.746348,13.72,3.71,0.000322,SIMULATION
sensitivity_42_200_equal_w_throughput_2.0_45,2026-09-01T11:49:24.937645,45,w_throughput,2.0,200,equal,100.0,100.0,100.0,1.0,0.76634,11.81,3.44,0.000326,SIMULATION
sensitivity_42_200_equal_w_throughput_2.0_46,2026-09-01T11:49:24.938574,46,w_throughput,2.0,200,equal,100.0,100.0,100.0,1.0,0.735774,20.44,3.0,0.000319,SIMULATION
sensitivity_42_200_proportional_w_throughput_2.0_42,2026-09-01T11:49:24.939683,42,w_throughput,2.0,200,proportional,100.0,100.0,100.0,0.7909,0.716229,16.95,1.13,0.000407,SIMULATION
sensitivity_42_200_proportional_w_throughput_2.0_43,2026-09-01T11:49:24.940955,43,w_throughput,2.0,200,proportional,100.0,100.0,100.0,0.7785,0.704789,8.54,4.48,0.000409,SIMULATION
sensitivity_42_200_proportional_w_throughput_2.0_44,2026-09-01T11:49:24.941979,44,w_throughput,2.0,200,proportional,100.0,100.0,100.0,0.8003,0.720575,13.72,3.71,0.000319,SIMULATION
sensitivity_42_200_proportional_w_throughput_2.0_45,2026-09-01T11:49:24.942891,45,w_throughput,2.0,200,proportional,100.0,100.0,100.0,0.8309,0.742367,11.81,3.44,0.000304,SIMULATION
sensitivity_42_200_proportional_w_throughput_2.0_46,2026-09-01T11:49:24.943738,46,w_throughput,2.0,200,proportional,100.0,100.0,100.0,0.791,0.709637,20.44,3.0,0.000298,SIMULATION
sensitivity_42_200_priority_w_throughput_2.0_42,2026-09-01T11:49:24.944708,42,w_throughput,2.0,200,priority,100.0,100.0,100.0,0.9391,0.753486,16.95,1.13,0.000306,SIMULATION
sensitivity_42_200_priority_w_throughput_2.0_43,2026-09-01T11:49:24.945720,43,w_throughput,2.0,200,priority,100.0,100.0,100.0,0.9357,0.740281,8.54,4.48,0.000315,SIMULATION
sensitivity_42_200_priority_w_throughput_2.0_44,2026-09-01T11:49:24.946759,44,w_throughput,2.0,200,priority,100.0,100.0,100.0,0.9427,0.757991,13.72,3.71,0.000324,SIMULATION
sensitivity_42_200_priority_w_throughput_2.0_45,2026-09-01T11:49:24.947795,45,w_throughput,2.0,200,priority,100.0,100.0,100.0,0.9509,0.774598,11.81,3.44,0.000315,SIMULATION
sensitivity_42_200_priority_w_throughput_2.0_46,2026-09-01T11:49:24.948844,46,w_throughput,2.0,200,priority,100.0,100.0,100.0,0.9413,0.747173,20.44,3.0,0.000315,SIMULATION
sensitivity_42_200_max_min_fairness_w_throughput_2.0_42,2026-09-01T11:49:24.949827,42,w_throughput,2.0,200,max_min_fairness,100.0,100.0,100.0,1.0,0.739508,16.95,1.13,0.000324,SIMULATION
sensitivity_42_200_max_min_fairness_w_throughput_2.0_43,2026-09-01T11:49:24.950776,43,w_throughput,2.0,200,max_min_fairness,100.0,100.0,100.0,1.0,0.724642,8.54,4.48,0.000315,SIMULATION
sensitivity_42_200_max_min_fairness_w_throughput_2.0_44,2026-09-01T11:49:24.951703,44,w_throughput,2.0,200,max_min_fairness,100.0,100.0,100.0,1.0,0.746348,13.72,3.71,0.000308,SIMULATION
sensitivity_42_200_max_min_fairness_w_throughput_2.0_45,2026-09-01T11:49:24.952623,45,w_throughput,2.0,200,max_min_fairness,100.0,100.0,100.0,1.0,0.76634,11.81,3.44,0.000289,SIMULATION
sensitivity_42_200_max_min_fairness_w_throughput_2.0_46,2026-09-01T11:49:24.953512,46,w_throughput,2.0,200,max_min_fairness,100.0,100.0,100.0,1.0,0.735774,20.44,3.0,0.000287,SIMULATION
sensitivity_42_200_alpha_fair_w_throughput_2.0_42,2026-09-01T11:49:24.954370,42,w_throughput,2.0,200,alpha_fair,100.0,100.0,100.0,0.7909,0.716229,16.95,1.13,0.000281,SIMULATION
sensitivity_42_200_alpha_fair_w_throughput_2.0_43,2026-09-01T11:49:24.955201,43,w_throughput,2.0,200,alpha_fair,100.0,100.0,100.0,0.7785,0.704789,8.54,4.48,0.000281,SIMULATION
sensitivity_42_200_alpha_fair_w_throughput_2.0_44,2026-09-01T11:49:24.956122,44,w_throughput,2.0,200,alpha_fair,100.0,100.0,100.0,0.8003,0.720575,13.72,3.71,0.000358,SIMULATION
sensitivity_42_200_alpha_fair_w_throughput_2.0_45,2026-09-01T11:49:24.957283,45,w_throughput,2.0,200,alpha_fair,100.0,100.0,100.0,0.8309,0.742367,11.81,3.44,0.000363,SIMULATION
sensitivity_42_200_alpha_fair_w_throughput_2.0_46,2026-09-01T11:49:24.958456,46,w_throughput,2.0,200,alpha_fair,100.0,100.0,100.0,0.791,0.709637,20.44,3.0,0.000389,SIMULATION
sensitivity_42_200_game_theory_w_throughput_2.0_42,2026-09-01T11:49:25.002791,42,w_throughput,2.0,200,game_theory,100.0,100.0,100.0,0.3115,0.497829,16.95,1.13,0.000277,SIMULATION
sensitivity_42_200_game_theory_w_throughput_2.0_43,2026-09-01T11:49:25.048594,43,w_throughput,2.0,200,game_theory,100.0,100.0,100.0,0.3247,0.496098,8.54,4.48,0.000235,SIMULATION
sensitivity_42_200_game_theory_w_throughput_2.0_44,2026-09-01T11:49:25.097574,44,w_throughput,2.0,200,game_theory,100.0,100.0,100.0,0.304,0.496807,13.72,3.71,0.000237,SIMULATION
sensitivity_42_200_game_theory_w_throughput_2.0_45,2026-09-01T11:49:25.146300,45,w_throughput,2.0,200,game_theory,100.0,100.0,100.0,0.3125,0.50167,11.81,3.44,0.000257,SIMULATION
sensitivity_42_200_game_theory_w_throughput_2.0_46,2026-09-01T11:49:25.188442,46,w_throughput,2.0,200,game_theory,100.0,100.0,100.0,0.3205,0.485683,20.44,3.0,0.000266,SIMULATION
sensitivity_42_373_equal_w_throughput_2.0_42,2026-09-01T11:49:25.190880,42,w_throughput,2.0,373,equal,100.0,100.0,100.0,1.0,0.448169,16.95,1.13,0.000835,SIMULATION
sensitivity_42_373_equal_w_throughput_2.0_43,2026-09-01T11:49:25.192697,43,w_throughput,2.0,373,equal,100.0,100.0,100.0,1.0,0.441768,8.54,4.48,0.000588,SIMULATION
sensitivity_42_373_equal_w_throughput_2.0_44,2026-09-01T11:49:25.194333,44,w_throughput,2.0,373,equal,100.0,100.0,100.0,1.0,0.450305,13.72,3.71,0.000561,SIMULATION
sensitivity_42_373_equal_w_throughput_2.0_45,2026-09-01T11:49:25.196024,45,w_throughput,2.0,373,equal,100.0,100.0,100.0,1.0,0.458886,11.81,3.44,0.000579,SIMULATION
sensitivity_42_373_equal_w_throughput_2.0_46,2026-09-01T11:49:25.197695,46,w_throughput,2.0,373,equal,100.0,100.0,100.0,1.0,0.448221,20.44,3.0,0.000579,SIMULATION
sensitivity_42_373_proportional_w_throughput_2.0_42,2026-09-01T11:49:25.199392,42,w_throughput,2.0,373,proportional,100.0,100.0,100.0,0.7991,0.439082,16.95,1.13,0.000579,SIMULATION
sensitivity_42_373_proportional_w_throughput_2.0_43,2026-09-01T11:49:25.201313,43,w_throughput,2.0,373,proportional,100.0,100.0,100.0,0.7838,0.436026,8.54,4.48,0.000606,SIMULATION
sensitivity_42_373_proportional_w_throughput_2.0_44,2026-09-01T11:49:25.203219,44,w_throughput,2.0,373,proportional,100.0,100.0,100.0,0.7901,0.440909,13.72,3.71,0.000736,SIMULATION
sensitivity_42_373_proportional_w_throughput_2.0_45,2026-09-01T11:49:25.205035,45,w_throughput,2.0,373,proportional,100.0,100.0,100.0,0.8172,0.450512,11.81,3.44,0.000631,SIMULATION
sensitivity_42_373_proportional_w_throughput_2.0_46,2026-09-01T11:49:25.207473,46,w_throughput,2.0,373,proportional,100.0,100.0,100.0,0.7982,0.44132,20.44,3.0,0.000709,SIMULATION
sensitivity_42_373_priority_w_throughput_2.0_42,2026-09-01T11:49:25.209601,42,w_throughput,2.0,373,priority,100.0,100.0,100.0,0.9411,0.45921,16.95,1.13,0.000623,SIMULATION
sensitivity_42_373_priority_w_throughput_2.0_43,2026-09-01T11:49:25.211414,43,w_throughput,2.0,373,priority,100.0,100.0,100.0,0.9365,0.453201,8.54,4.48,0.000564,SIMULATION
sensitivity_42_373_priority_w_throughput_2.0_44,2026-09-01T11:49:25.213256,44,w_throughput,2.0,373,priority,100.0,100.0,100.0,0.9417,0.460535,13.72,3.71,0.000552,SIMULATION
sensitivity_42_373_priority_w_throughput_2.0_45,2026-09-01T11:49:25.215211,45,w_throughput,2.0,373,priority,100.0,100.0,100.0,0.9473,0.467996,11.81,3.44,0.000607,SIMULATION
sensitivity_42_373_priority_w_throughput_2.0_46,2026-09-01T11:49:25.217196,46,w_throughput,2.0,373,priority,100.0,100.0,100.0,0.9422,0.45811,20.44,3.0,0.000592,SIMULATION
sensitivity_42_373_max_min_fairness_w_throughput_2.0_42,2026-09-01T11:49:25.218996,42,w_throughput,2.0,373,max_min_fairness,100.0,100.0,100.0,1.0,0.448169,16.95,1.13,0.00058,SIMULATION
sensitivity_42_373_max_min_fairness_w_throughput_2.0_43,2026-09-01T11:49:25.220783,43,w_throughput,2.0,373,max_min_fairness,100.0,100.0,100.0,1.0,0.441768,8.54,4.48,0.000583,SIMULATION
sensitivity_42_373_max_min_fairness_w_throughput_2.0_44,2026-09-01T11:49:25.222733,44,w_throughput,2.0,373,max_min_fairness,100.0,100.0,100.0,1.0,0.450305,13.72,3.71,0.000713,SIMULATION
sensitivity_42_373_max_min_fairness_w_throughput_2.0_45,2026-09-01T11:49:25.225027,45,w_throughput,2.0,373,max_min_fairness,100.0,100.0,100.0,1.0,0.458886,11.81,3.44,0.000725,SIMULATION
sensitivity_42_373_max_min_fairness_w_throughput_2.0_46,2026-09-01T11:49:25.226830,46,w_throughput,2.0,373,max_min_fairness,100.0,100.0,100.0,1.0,0.448221,20.44,3.0,0.000573,SIMULATION
sensitivity_42_373_alpha_fair_w_throughput_2.0_42,2026-09-01T11:49:25.228555,42,w_throughput,2.0,373,alpha_fair,100.0,100.0,100.0,0.7991,0.439082,16.95,1.13,0.000586,SIMULATION
sensitivity_42_373_alpha_fair_w_throughput_2.0_43,2026-09-01T11:49:25.230267,43,w_throughput,2.0,373,alpha_fair,100.0,100.0,100.0,0.7838,0.436026,8.54,4.48,0.000583,SIMULATION
sensitivity_42_373_alpha_fair_w_throughput_2.0_44,2026-09-01T11:49:25.231989,44,w_throughput,2.0,373,alpha_fair,100.0,100.0,100.0,0.7901,0.440909,13.72,3.71,0.000582,SIMULATION
sensitivity_42_373_alpha_fair_w_throughput_2.0_45,2026-09-01T11:49:25.233717,45,w_throughput,2.0,373,alpha_fair,100.0,100.0,100.0,0.8172,0.450512,11.81,3.44,0.000583,SIMULATION
sensitivity_42_373_alpha_fair_w_throughput_2.0_46,2026-09-01T11:49:25.235436,46,w_throughput,2.0,373,alpha_fair,100.0,100.0,100.0,0.7982,0.44132,20.44,3.0,0.000585,SIMULATION
sensitivity_42_373_game_theory_w_throughput_2.0_42,2026-09-01T11:49:25.377678,42,w_throughput,2.0,373,game_theory,100.0,100.0,100.0,0.167,0.266932,16.95,1.13,0.000346,SIMULATION
sensitivity_42_373_game_theory_w_throughput_2.0_43,2026-09-01T11:49:25.516876,43,w_throughput,2.0,373,game_theory,100.0,100.0,100.0,0.1741,0.266004,8.54,4.48,0.000354,SIMULATION
sensitivity_42_373_game_theory_w_throughput_2.0_44,2026-09-01T11:49:25.653385,44,w_throughput,2.0,373,game_theory,100.0,100.0,100.0,0.163,0.266385,13.72,3.71,0.000322,SIMULATION
sensitivity_42_373_game_theory_w_throughput_2.0_45,2026-09-01T11:49:25.802060,45,w_throughput,2.0,373,game_theory,100.0,100.0,100.0,0.1676,0.268992,11.81,3.44,0.000319,SIMULATION
sensitivity_42_373_game_theory_w_throughput_2.0_46,2026-09-01T11:49:25.948205,46,w_throughput,2.0,373,game_theory,100.0,100.0,100.0,0.1719,0.26042,20.44,3.0,0.000361,SIMULATION
